Country,Reserves_Mt_Mn_content,Mine_Production_2022_kt,Mine_Production_2023_kt,Notes
South Africa,640,7200,7200,Largest global reserves (Kalahari Manganese Field)
Australia,270,3300,3000,Groote Eylandt deposit
Brazil,270,620,630,Carajás & Urucum districts
Gabon,61,4600,4600,Moanda deposit (high-grade ore)
China,28,990,990,Carbonate ores (low grade)
India,34,2700,2800,"MOIL, Odisha, MP, MH, KA mines"
Ghana,13,880,880,Nsuta mine
Ukraine,140,370,370,Nikopol basin
Other Countries,160,1100,1100,Rest of world
