i_x,dep_id,name,dev_stat,url,code_list,longitude,latitude,i_y,line,commod,code,commod_tp,commod_group,import,inserted_by,insert_date,updated_by,update_date,fips,quad,huc
1220,10158629,Laugur Mine,Producer,https://mrdata.usgs.gov/mrds/show-mrds.php?dep_id=10158629, FE ,80.35034,21.92946,232439,2,Manganese,MN,Metallic,Manganese,Tertiary,MAS migration,29-OCT-2002 09:00:24,USGS,29-OCT-2002 09:01:36,fIN,,
3013,10090244,Cape Gadani,Occurrence,https://mrdata.usgs.gov/mrds/show-mrds.php?dep_id=10090244, MN ,69.38662,29.96588,126715,1,Manganese,MN,Metallic,Manganese,Tertiary,MRDS migration,29-OCT-2002 09:00:24,USGS,29-OCT-2002 09:01:08,fPK,,
4589,10304411,"Kodur, Garbham, and Perapi Mines",Past Producer,https://mrdata.usgs.gov/mrds/show-mrds.php?dep_id=10304411, FE ,83.55025,18.27479,189348,2,Manganese,MN,Metallic,Manganese,Tertiary,MAS migration,29-OCT-2002 09:00:24,USGS,29-OCT-2002 09:02:36,fIN,,
8508,10183530,Manegaon Mines,Producer,https://mrdata.usgs.gov/mrds/show-mrds.php?dep_id=10183530, FE ,80.26034,21.82947,56860,2,Manganese,MN,Metallic,Manganese,Tertiary,MAS migration,29-OCT-2002 09:00:24,USGS,29-OCT-2002 09:01:45,fIN,,
10459,10134171,Goguldoho Mines: Western and East,Producer,https://mrdata.usgs.gov/mrds/show-mrds.php?dep_id=10134171, MN ,79.43036,21.40951,232095,1,Manganese,MN,Metallic,Manganese,Tertiary,MAS migration,29-OCT-2002 09:00:24,USGS,29-OCT-2002 09:01:26,fIN,,
11605,10279384,Maharashtra/Mahya Pradesh Area,Producer,https://mrdata.usgs.gov/mrds/show-mrds.php?dep_id=10279384, MN ,79.00038,21.99947,365180,1,Manganese,MN,Metallic,Manganese,Primary,MAS migration,29-OCT-2002 09:00:24,USGS,29-OCT-2002 09:02:26,fIN,,
16210,10255709,Kuttinga,Producer,https://mrdata.usgs.gov/mrds/show-mrds.php?dep_id=10255709, MN ,83.46695,19.1664,290142,1,Manganese,MN,Metallic,Manganese,Tertiary,MAS migration,29-OCT-2002 09:00:24,USGS,29-OCT-2002 09:02:17,fIN,,
16682,10003853,Kanatola,Occurrence,https://mrdata.usgs.gov/mrds/show-mrds.php?dep_id=10003853, MN ,80.35034,21.87447,193186,1,Manganese,MN,Metallic,Manganese,Primary,MRDS migration,29-OCT-2002 09:00:24,USGS,29-OCT-2002 09:00:26,fIN,,
18975,10003832,Adilabad,Occurrence,https://mrdata.usgs.gov/mrds/show-mrds.php?dep_id=10003832, MN ,79.61656,22.88286,157992,1,Manganese,MN,Metallic,Manganese,Primary,MRDS migration,29-OCT-2002 09:00:24,USGS,29-OCT-2002 09:02:42,fIN,,
22942,10231471,Barbil,Producer,https://mrdata.usgs.gov/mrds/show-mrds.php?dep_id=10231471, MN ,85.3502,22.11614,239461,1,Manganese,MN,Metallic,Manganese,Tertiary,MAS migration,29-OCT-2002 09:00:24,USGS,29-OCT-2002 09:02:05,fIN,,
23584,10003845,Enkatola,Occurrence,https://mrdata.usgs.gov/mrds/show-mrds.php?dep_id=10003845, MN ,80.16701,21.36618,193220,1,Manganese,MN,Metallic,Manganese,Primary,MRDS migration,29-OCT-2002 09:00:24,USGS,29-OCT-2002 09:00:26,fIN,,
25115,10207330,Junewani Mines Area:  Junewani Mi,Producer,https://mrdata.usgs.gov/mrds/show-mrds.php?dep_id=10207330, MN ,79.26036,21.4795,67157,1,Manganese,MN,Metallic,Manganese,Tertiary,MAS migration,29-OCT-2002 09:00:24,USGS,29-OCT-2002 09:01:54,fIN,,
25971,10003920,Thal,Occurrence,https://mrdata.usgs.gov/mrds/show-mrds.php?dep_id=10003920, MN ,71.50063,33.66527,172515,1,Manganese,MN,Metallic,Manganese,Tertiary,MRDS migration,29-OCT-2002 09:00:24,USGS,29-OCT-2002 09:00:26,fPK,,
28384,10003873,Verlem,Producer,https://mrdata.usgs.gov/mrds/show-mrds.php?dep_id=10003873, MN ,74.25048,15.0501,189994,1,Manganese,MN,Metallic,Manganese,Primary,MRDS migration,29-OCT-2002 09:00:24,USGS,29-OCT-2002 09:00:26,fIN,,
33193,10021438,Siljora Mine,Producer,https://mrdata.usgs.gov/mrds/show-mrds.php?dep_id=10021438, MN ,84.50478,20.56599,90678,1,Manganese,MN,Metallic,Manganese,Primary,MRDS migration,29-OCT-2002 09:00:24,USGS,29-OCT-2002 09:00:36,fIN,,
34010,10133872,Chorbaoli-Muknapur Manganese Ore,Prospect,https://mrdata.usgs.gov/mrds/show-mrds.php?dep_id=10133872, MN ,79.31036,21.4795,237748,1,Manganese,MN,Metallic,Manganese,Tertiary,MAS migration,29-OCT-2002 09:00:24,USGS,29-OCT-2002 09:01:26,fIN,,
34397,10182655,Sandur Mines,Producer,https://mrdata.usgs.gov/mrds/show-mrds.php?dep_id=10182655, FE ,79.60034,14.41686,340903,2,Manganese,MN,Metallic,Manganese,Tertiary,MAS migration,29-OCT-2002 09:00:24,USGS,29-OCT-2002 09:01:45,fIN,,
37901,10003870,Singhbhum,Occurrence,https://mrdata.usgs.gov/mrds/show-mrds.php?dep_id=10003870, MN ,87.99351,23.79167,196518,1,Manganese,MN,Metallic,Manganese,Primary,MRDS migration,29-OCT-2002 09:00:24,USGS,29-OCT-2002 09:00:26,fIN,,
40291,10003875,Waraseoni,Occurrence,https://mrdata.usgs.gov/mrds/show-mrds.php?dep_id=10003875, MN ,80.04201,21.76615,190598,1,Manganese,MN,Metallic,Manganese,Primary,MRDS migration,29-OCT-2002 09:00:24,USGS,29-OCT-2002 09:00:26,fIN,,
43254,10081079,Balapur/Hamesha,Occurrence,https://mrdata.usgs.gov/mrds/show-mrds.php?dep_id=10081079, MN ,79.70035,21.5495,209726,1,Manganese,MN,Metallic,Manganese,Primary,MRDS migration,29-OCT-2002 09:00:24,USGS,29-OCT-2002 09:01:04,fIN,,
45055,10003835,Banjartola,Past Producer,https://mrdata.usgs.gov/mrds/show-mrds.php?dep_id=10003835, MN ,80.27534,21.95779,180315,1,Manganese,MN,Metallic,Manganese,Primary,MRDS migration,29-OCT-2002 09:00:24,USGS,29-OCT-2002 09:00:26,fIN,,
45056,10003836,Barbaspur,Occurrence,https://mrdata.usgs.gov/mrds/show-mrds.php?dep_id=10003836, MN ,80.10867,21.79947,183652,1,Manganese,MN,Metallic,Manganese,Primary,MRDS migration,29-OCT-2002 09:00:24,USGS,29-OCT-2002 09:00:26,fIN,,
52236,10021436,Dalapahar Mine,Producer,https://mrdata.usgs.gov/mrds/show-mrds.php?dep_id=10021436, MN ,84.50478,20.56599,92427,1,Manganese,MN,Metallic,Manganese,Primary,MRDS migration,29-OCT-2002 09:00:24,USGS,29-OCT-2002 09:00:36,fIN,,
52720,10090205,Baihar,Occurrence,https://mrdata.usgs.gov/mrds/show-mrds.php?dep_id=10090205, MN ,80.567,22.04945,122726,1,Manganese,MN,Metallic,Manganese,Primary,MRDS migration,29-OCT-2002 09:00:24,USGS,29-OCT-2002 09:01:08,fIN,,
52721,10090220,Pipartola,Occurrence,https://mrdata.usgs.gov/mrds/show-mrds.php?dep_id=10090220, MN ,80.20867,21.87447,108681,1,Manganese,MN,Metallic,Manganese,Primary,MRDS migration,29-OCT-2002 09:00:24,USGS,29-OCT-2002 09:01:08,fIN,,
54401,60000576,Goa State,Producer,https://mrdata.usgs.gov/mrds/show-mrds.php?dep_id=60000576, MN ,73.91718,15.50006,11051,1,Manganese,MN,Metallic,Manganese,Primary,MRDS migration,30-SEP-2007 00:00:00,,,fIN,,
56798,10003843,Dhapewata,Occurrence,https://mrdata.usgs.gov/mrds/show-mrds.php?dep_id=10003843, MN ,80.19201,21.89114,12304,1,Manganese,MN,Metallic,Manganese,Primary,MRDS migration,29-OCT-2002 09:00:24,USGS,29-OCT-2002 09:00:26,fIN,,
61559,10003834,Banjari,Occurrence,https://mrdata.usgs.gov/mrds/show-mrds.php?dep_id=10003834, MN ,80.31701,21.8828,182541,1,Manganese,MN,Metallic,Manganese,Primary,MRDS migration,29-OCT-2002 09:00:24,USGS,29-OCT-2002 09:00:26,fIN,,
61560,10003917,Miara,Occurrence,https://mrdata.usgs.gov/mrds/show-mrds.php?dep_id=10003917, MN ,73.50058,34.43187,172085,1,Manganese,MN,Metallic,Manganese,Tertiary,MRDS migration,29-OCT-2002 09:00:24,USGS,29-OCT-2002 09:00:26,fPK,,
66391,10003866,Salgini,Producer,https://mrdata.usgs.gov/mrds/show-mrds.php?dep_id=10003866, MN ,74.25048,15.00844,195944,1,Manganese,MN,Metallic,Manganese,Primary,MRDS migration,29-OCT-2002 09:00:24,USGS,29-OCT-2002 09:00:26,fIN,,
70326,10206839,Jamda-Koira Valley,Producer,https://mrdata.usgs.gov/mrds/show-mrds.php?dep_id=10206839, FE ,85.25021,21.89946,147276,2,Manganese,MN,Metallic,Manganese,Tertiary,MAS migration,29-OCT-2002 09:00:24,USGS,29-OCT-2002 09:01:54,fIN,,
71854,10090223,Sonpuri,Occurrence,https://mrdata.usgs.gov/mrds/show-mrds.php?dep_id=10090223, MN ,80.467,21.94946,107601,1,Manganese,MN,Metallic,Manganese,Primary,MRDS migration,29-OCT-2002 09:00:24,USGS,29-OCT-2002 09:01:08,fIN,,
74218,10090208,Chatera,Occurrence,https://mrdata.usgs.gov/mrds/show-mrds.php?dep_id=10090208, MN ,80.13367,21.86614,120345,1,Manganese,MN,Metallic,Manganese,Primary,MRDS migration,29-OCT-2002 09:00:24,USGS,29-OCT-2002 09:01:08,fIN,,
74219,10090211,Gaonajhola,Occurrence,https://mrdata.usgs.gov/mrds/show-mrds.php?dep_id=10090211, MN ,80.36701,22.00778,122727,1,Manganese,MN,Metallic,Manganese,Primary,MRDS migration,29-OCT-2002 09:00:24,USGS,29-OCT-2002 09:01:08,fIN,,
74903,10183457,Maharashtra-Madya Pradesh Area,Producer,https://mrdata.usgs.gov/mrds/show-mrds.php?dep_id=10183457, MN P ,80.05034,21.95506,56599,1,Manganese,MN,Metallic,Manganese,Primary,MAS migration,29-OCT-2002 09:00:24,USGS,29-OCT-2002 09:01:45,fIN,,
83707,10090210,Ekodi,Occurrence,https://mrdata.usgs.gov/mrds/show-mrds.php?dep_id=10090210, MN ,80.14201,21.79114,121766,1,Manganese,MN,Metallic,Manganese,Primary,MRDS migration,29-OCT-2002 09:00:24,USGS,29-OCT-2002 09:01:08,fIN,,
93279,10090222,Samnapur R.S,Occurrence,https://mrdata.usgs.gov/mrds/show-mrds.php?dep_id=10090222, MN ,80.35034,21.86614,107600,1,Manganese,MN,Metallic,Manganese,Primary,MRDS migration,29-OCT-2002 09:00:24,USGS,29-OCT-2002 09:01:08,fIN,,
95652,10090225,Umardaoni,Occurrence,https://mrdata.usgs.gov/mrds/show-mrds.php?dep_id=10090225, MN ,80.23367,21.92724,110471,1,Manganese,MN,Metallic,Manganese,Primary,MRDS migration,29-OCT-2002 09:00:24,USGS,29-OCT-2002 09:01:08,fIN,,
97414,10003849,Gulla Hurki,Occurrence,https://mrdata.usgs.gov/mrds/show-mrds.php?dep_id=10003849, MN ,79.99202,21.87864,191616,1,Manganese,MN,Metallic,Manganese,Primary,MRDS migration,29-OCT-2002 09:00:24,USGS,29-OCT-2002 09:00:26,fIN,,
97415,10003864,Polwatur,Occurrence,https://mrdata.usgs.gov/mrds/show-mrds.php?dep_id=10003864, MN ,80.29201,21.99947,195073,1,Manganese,MN,Metallic,Manganese,Primary,MRDS migration,29-OCT-2002 09:00:24,USGS,29-OCT-2002 09:00:26,fIN,,
99867,10021435,Bhutuda Mine,Producer,https://mrdata.usgs.gov/mrds/show-mrds.php?dep_id=10021435, MN ,84.50478,20.56599,92175,1,Manganese,MN,Metallic,Manganese,Primary,MRDS migration,29-OCT-2002 09:00:24,USGS,29-OCT-2002 09:00:36,fIN,,
102112,10003860,Netravli,Producer,https://mrdata.usgs.gov/mrds/show-mrds.php?dep_id=10003860, MN ,74.20881,15.08899,195943,1,Manganese,MN,Metallic,Manganese,Primary,MRDS migration,29-OCT-2002 09:00:24,USGS,29-OCT-2002 09:00:26,fIN,,
102782,10090207,Bijora,Occurrence,https://mrdata.usgs.gov/mrds/show-mrds.php?dep_id=10090207, MN ,80.38367,21.97446,213259,1,Manganese,MN,Metallic,Manganese,Primary,MRDS migration,29-OCT-2002 09:00:24,USGS,29-OCT-2002 09:02:45,fIN,,
106858,10003840,Birsola,Occurrence,https://mrdata.usgs.gov/mrds/show-mrds.php?dep_id=10003840, MN ,80.11701,21.87447,12246,1,Manganese,MN,Metallic,Manganese,Primary,MRDS migration,29-OCT-2002 09:00:24,USGS,29-OCT-2002 09:00:26,fIN,,
106859,10003940,Tagaung Taung,Producer,https://mrdata.usgs.gov/mrds/show-mrds.php?dep_id=10003940, MN ,96.18213,23.57292,178886,1,Manganese,MN,Metallic,Manganese,Primary,MRDS migration,29-OCT-2002 09:00:24,USGS,29-OCT-2002 09:00:26,fBM,,
109950,10090212,Garra,Occurrence,https://mrdata.usgs.gov/mrds/show-mrds.php?dep_id=10090212, MN ,80.15034,21.79947,120367,1,Manganese,MN,Metallic,Manganese,Primary,MRDS migration,29-OCT-2002 09:00:24,USGS,29-OCT-2002 09:01:08,fIN,,
112276,10090204,Agarware,Occurrence,https://mrdata.usgs.gov/mrds/show-mrds.php?dep_id=10090204, MN ,80.20867,21.87447,117325,1,Manganese,MN,Metallic,Manganese,Primary,MRDS migration,29-OCT-2002 09:00:24,USGS,29-OCT-2002 09:01:08,fIN,,
114796,10106594,Ukwa,Producer,https://mrdata.usgs.gov/mrds/show-mrds.php?dep_id=10106594, MN ,80.467,21.96613,309366,1,Manganese,MN,Metallic,Manganese,Primary,MRDS migration,29-OCT-2002 09:00:24,USGS,29-OCT-2002 09:01:15,fIN,,
122404,10183222,Kalaparbat Mine,Producer,https://mrdata.usgs.gov/mrds/show-mrds.php?dep_id=10183222, MN ,85.3002,22.29942,255878,1,Manganese,MN,Metallic,Manganese,Tertiary,MAS migration,29-OCT-2002 09:00:24,USGS,29-OCT-2002 09:01:45,fIN,,
123428,10003839,Bijora,Occurrence,https://mrdata.usgs.gov/mrds/show-mrds.php?dep_id=10003839, MN ,80.38367,21.97446,12089,1,Manganese,MN,Metallic,Manganese,Primary,MRDS migration,29-OCT-2002 09:00:24,USGS,29-OCT-2002 09:00:26,fIN,,
124104,10090217,Kot Pahar,Occurrence,https://mrdata.usgs.gov/mrds/show-mrds.php?dep_id=10090217, MN ,80.40866,21.89114,120346,1,Manganese,MN,Metallic,Manganese,Primary,MRDS migration,29-OCT-2002 09:00:24,USGS,29-OCT-2002 09:01:08,fIN,,
128130,10003837,Bharweli,Past Producer,https://mrdata.usgs.gov/mrds/show-mrds.php?dep_id=10003837, MN ,80.18367,21.81614,194622,1,Manganese,MN,Metallic,Manganese,Primary,MRDS migration,29-OCT-2002 09:00:24,USGS,29-OCT-2002 09:00:26,fIN,,
130474,10003838,Bharweli,Occurrence,https://mrdata.usgs.gov/mrds/show-mrds.php?dep_id=10003838, MN ,80.23367,21.8328,371398,1,Manganese,MN,Metallic,Manganese,Primary,MRDS migration,29-OCT-2002 09:00:24,USGS,29-OCT-2002 09:00:26,fIN,,
134421,10207002,Kansa,Prospect,https://mrdata.usgs.gov/mrds/show-mrds.php?dep_id=10207002, CR ,86.33018,20.82955,83184,3,Manganese,MN,Metallic,Manganese,Tertiary,MAS migration,29-OCT-2002 09:00:24,USGS,29-OCT-2002 09:01:54,fIN,,
135897,10090216,Khara,Occurrence,https://mrdata.usgs.gov/mrds/show-mrds.php?dep_id=10090216, MN ,80.26701,21.96613,120801,1,Manganese,MN,Metallic,Manganese,Primary,MRDS migration,29-OCT-2002 09:00:24,USGS,29-OCT-2002 09:01:08,fIN,,
136755,10207185,Kandri Mine,Plant,https://mrdata.usgs.gov/mrds/show-mrds.php?dep_id=10207185, MN AL ,79.28036,21.40951,57613,3,Manganese,MN,Metallic,Manganese,Primary,MAS migration,29-OCT-2002 09:00:24,USGS,29-OCT-2002 09:01:54,fIN,,
138273,10090214,Jamunjhola,Occurrence,https://mrdata.usgs.gov/mrds/show-mrds.php?dep_id=10090214, MN ,80.23784,21.92168,120800,1,Manganese,MN,Metallic,Manganese,Primary,MRDS migration,29-OCT-2002 09:00:24,USGS,29-OCT-2002 09:01:08,fIN,,
138398,10106689,Thakurani Mine,Producer,https://mrdata.usgs.gov/mrds/show-mrds.php?dep_id=10106689, MN ,84.50478,20.56599,328154,1,Manganese,MN,Metallic,Manganese,Primary,MRDS migration,29-OCT-2002 09:00:24,USGS,29-OCT-2002 09:01:15,fIN,,
139148,10207184,Ukwa,Producer,https://mrdata.usgs.gov/mrds/show-mrds.php?dep_id=10207184, MN ,80.46033,21.95946,57610,1,Manganese,MN,Metallic,Manganese,Primary,MAS migration,29-OCT-2002 09:00:24,USGS,29-OCT-2002 09:01:54,fIN,,
139344,10231163,Jagantola and Ghondi Mines,Past Producer,https://mrdata.usgs.gov/mrds/show-mrds.php?dep_id=10231163, MN ,80.26034,21.94946,164459,1,Manganese,MN,Metallic,Manganese,Tertiary,MAS migration,29-OCT-2002 09:00:24,USGS,29-OCT-2002 09:02:05,fIN,,
141339,10182981,"Tambesra,Udaipur and Banswara",Producer,https://mrdata.usgs.gov/mrds/show-mrds.php?dep_id=10182981, BA ,74.2505,23.49934,111790,3,Manganese,MN,Metallic,Manganese,Tertiary,MAS migration,29-OCT-2002 09:00:24,USGS,29-OCT-2002 09:01:45,fIN,,
144713,60000574,Gujarat State,Producer,https://mrdata.usgs.gov/mrds/show-mrds.php?dep_id=60000574, MN ,72.50054,22.9994,10299,1,Manganese,MN,Metallic,Manganese,Primary,MRDS migration,30-SEP-2007 00:00:00,,,fIN,,
144761,10003857,Kosmi,Occurrence,https://mrdata.usgs.gov/mrds/show-mrds.php?dep_id=10003857, MN ,80.20867,21.79947,195952,1,Manganese,MN,Metallic,Manganese,Primary,MRDS migration,29-OCT-2002 09:00:24,USGS,29-OCT-2002 09:00:26,fIN,,
145450,10090246,Ghura Gali,Occurrence,https://mrdata.usgs.gov/mrds/show-mrds.php?dep_id=10090246, MN ,73.46725,34.29855,127886,1,Manganese,MN,Metallic,Manganese,Primary,MRDS migration,29-OCT-2002 09:00:24,USGS,29-OCT-2002 09:01:08,fPK,,
145990,10159307,Kajlidongri Mine,Unknown,https://mrdata.usgs.gov/mrds/show-mrds.php?dep_id=10159307, FE ,73.33382,22.49943,253275,2,Manganese,MN,Metallic,Manganese,Tertiary,MAS migration,29-OCT-2002 09:00:24,USGS,29-OCT-2002 09:01:36,fIN,,
147322,10021437,Gurda Mine,Past Producer,https://mrdata.usgs.gov/mrds/show-mrds.php?dep_id=10021437, MN ,84.50478,20.56599,90677,1,Manganese,MN,Metallic,Manganese,Primary,MRDS migration,29-OCT-2002 09:00:24,USGS,29-OCT-2002 09:00:36,fIN,,
149534,10003861,Nishkal,Occurrence,https://mrdata.usgs.gov/mrds/show-mrds.php?dep_id=10003861, MN ,83.21693,19.21637,195070,1,Manganese,MN,Metallic,Manganese,Primary,MRDS migration,29-OCT-2002 09:00:24,USGS,29-OCT-2002 09:00:26,fIN,,
151954,10003854,Katangi,Occurrence,https://mrdata.usgs.gov/mrds/show-mrds.php?dep_id=10003854, MN ,79.80035,21.76615,193187,1,Manganese,MN,Metallic,Manganese,Primary,MRDS migration,29-OCT-2002 09:00:24,USGS,29-OCT-2002 09:00:26,fIN,,
163792,10303989,Mansar,Producer,https://mrdata.usgs.gov/mrds/show-mrds.php?dep_id=10303989, MN ,79.26036,21.39951,162444,1,Manganese,MN,Metallic,Manganese,Primary,MAS migration,29-OCT-2002 09:00:24,USGS,29-OCT-2002 09:02:36,fIN,,
166255,60000573,Karnataka State (Mysore State),Producer,https://mrdata.usgs.gov/mrds/show-mrds.php?dep_id=60000573, MN ,75.51714,13.93351,11049,1,Manganese,MN,Metallic,Manganese,Primary,MRDS migration,30-SEP-2007 00:00:00,,,fIN,,
170770,10279611,Ramandrug Group Deposits,Prospect,https://mrdata.usgs.gov/mrds/show-mrds.php?dep_id=10279611, MN ,76.55042,15.0801,65656,1,Manganese,MN,Metallic,Manganese,Tertiary,MAS migration,29-OCT-2002 09:00:24,USGS,29-OCT-2002 09:02:26,fIN,,
172595,10208578,Bhandarbori Mine,Producer,https://mrdata.usgs.gov/mrds/show-mrds.php?dep_id=10208578, MN ,79.45036,21.39951,340930,1,Manganese,MN,Metallic,Manganese,Tertiary,MAS migration,29-OCT-2002 09:00:24,USGS,29-OCT-2002 09:01:54,fIN,,
175753,10003856,Kokma,Occurrence,https://mrdata.usgs.gov/mrds/show-mrds.php?dep_id=10003856, MN ,80.26701,21.98279,195068,1,Manganese,MN,Metallic,Manganese,Primary,MRDS migration,29-OCT-2002 09:00:24,USGS,29-OCT-2002 09:00:26,fIN,,
178188,10003921,Bhandi Dhundan.,Occurrence,https://mrdata.usgs.gov/mrds/show-mrds.php?dep_id=10003921, MN ,73.33391,34.29855,158706,1,Manganese,MN,Metallic,Manganese,Tertiary,MRDS migration,29-OCT-2002 09:00:24,USGS,29-OCT-2002 09:02:42,fPK,,
178845,10090209,Dhapera,Occurrence,https://mrdata.usgs.gov/mrds/show-mrds.php?dep_id=10090209, MN ,80.16284,21.89114,121506,1,Manganese,MN,Metallic,Manganese,Primary,MRDS migration,29-OCT-2002 09:00:24,USGS,29-OCT-2002 09:01:08,fIN,,
180332,10279388,Kulti-Raniganj,Producer,https://mrdata.usgs.gov/mrds/show-mrds.php?dep_id=10279388, FE ,86.86016,23.7493,364431,2,Manganese,MN,Metallic,Manganese,Tertiary,MAS migration,29-OCT-2002 09:00:24,USGS,29-OCT-2002 09:02:26,fIN,,
182556,10256120,Sivarajpur Mine,Unknown,https://mrdata.usgs.gov/mrds/show-mrds.php?dep_id=10256120, MN ,73.33382,22.49943,169948,1,Manganese,MN,Metallic,Manganese,Tertiary,MAS migration,29-OCT-2002 09:00:24,USGS,29-OCT-2002 09:02:17,fIN,,
183664,10090215,Kategaon,Occurrence,https://mrdata.usgs.gov/mrds/show-mrds.php?dep_id=10090215, MN ,80.15867,21.99113,122728,1,Manganese,MN,Metallic,Manganese,Primary,MRDS migration,29-OCT-2002 09:00:24,USGS,29-OCT-2002 09:01:08,fIN,,
190037,10003842,Chiklajhori,Occurrence,https://mrdata.usgs.gov/mrds/show-mrds.php?dep_id=10003842, MN ,80.40033,21.94946,12303,1,Manganese,MN,Metallic,Manganese,Primary,MRDS migration,29-OCT-2002 09:00:24,USGS,29-OCT-2002 09:00:26,fIN,,
193055,10090218,Manegaon,Occurrence,https://mrdata.usgs.gov/mrds/show-mrds.php?dep_id=10090218, MN ,80.25034,21.84947,120802,1,Manganese,MN,Metallic,Manganese,Primary,MRDS migration,29-OCT-2002 09:00:24,USGS,29-OCT-2002 09:01:08,fIN,,
193940,10206660,Beldongri,Producer,https://mrdata.usgs.gov/mrds/show-mrds.php?dep_id=10206660, MN ,79.30036,21.34951,85152,1,Manganese,MN,Metallic,Manganese,Primary,MAS migration,29-OCT-2002 09:00:24,USGS,29-OCT-2002 09:01:54,fIN,,
194791,10003865,Rajpur,Occurrence,https://mrdata.usgs.gov/mrds/show-mrds.php?dep_id=10003865, MN ,80.36701,21.98279,196516,1,Manganese,MN,Metallic,Manganese,Primary,MRDS migration,29-OCT-2002 09:00:24,USGS,29-OCT-2002 09:00:26,fIN,,
197111,10003833,Amatola,Occurrence,https://mrdata.usgs.gov/mrds/show-mrds.php?dep_id=10003833, MN ,80.11701,21.76615,372759,1,Manganese,MN,Metallic,Manganese,Primary,MRDS migration,29-OCT-2002 09:00:24,USGS,29-OCT-2002 09:00:26,fIN,,
197112,10003841,Cavarem,Producer,https://mrdata.usgs.gov/mrds/show-mrds.php?dep_id=10003841, MN ,74.14215,15.1251,12664,1,Manganese,MN,Metallic,Manganese,Primary,MRDS migration,29-OCT-2002 09:00:24,USGS,29-OCT-2002 09:00:26,fIN,,
197113,10003915,Naweoba,Occurrence,https://mrdata.usgs.gov/mrds/show-mrds.php?dep_id=10003915, MN ,69.51734,31.34876,414419,1,Manganese,MN,Metallic,Manganese,Tertiary,MRDS migration,29-OCT-02,USGS,29-OCT-02,fPK,,
199522,10003859,Laugur,Past Producer,https://mrdata.usgs.gov/mrds/show-mrds.php?dep_id=10003859, MN ,80.35034,21.93279,195069,1,Manganese,MN,Metallic,Manganese,Primary,MRDS migration,29-OCT-2002 09:00:24,USGS,29-OCT-2002 09:00:26,fIN,,
205847,10207196,Janapalacheruvu Deposit,Past Producer,https://mrdata.usgs.gov/mrds/show-mrds.php?dep_id=10207196, MN ,79.15035,15.46006,74534,1,Manganese,MN,Metallic,Manganese,Tertiary,MAS migration,29-OCT-2002 09:00:24,USGS,29-OCT-2002 09:01:54,fIN,,
209156,10003846,Garbham,Occurrence,https://mrdata.usgs.gov/mrds/show-mrds.php?dep_id=10003846, MN ,79.58501,16.60541,195938,1,Manganese,MN,Metallic,Manganese,Primary,MRDS migration,29-OCT-2002 09:00:24,USGS,29-OCT-2002 09:00:26,fIN,,
211076,10255721,Salai-Ghoti Belt,Past Producer,https://mrdata.usgs.gov/mrds/show-mrds.php?dep_id=10255721, MN ,79.43036,21.5095,289627,1,Manganese,MN,Metallic,Manganese,Tertiary,MAS migration,29-OCT-2002 09:00:24,USGS,29-OCT-2002 09:02:17,fIN,,
212297,10097587,Rivona,Past Producer,https://mrdata.usgs.gov/mrds/show-mrds.php?dep_id=10097587, MN ,74.10881,15.16676,232844,1,Manganese,MN,Metallic,Manganese,Primary,MRDS migration,29-OCT-2002 09:00:24,USGS,29-OCT-2002 09:01:11,fIN,,
212551,10134113,Rungta:S Mine,Past Producer,https://mrdata.usgs.gov/mrds/show-mrds.php?dep_id=10134113, MN ,79.45036,21.39951,230246,1,Manganese,MN,Metallic,Manganese,Tertiary,MAS migration,29-OCT-2002 09:00:24,USGS,29-OCT-2002 09:01:26,fIN,,
215560,10207244,Gumgaon,Producer,https://mrdata.usgs.gov/mrds/show-mrds.php?dep_id=10207244, MN ,78.98367,21.39951,366487,1,Manganese,MN,Metallic,Manganese,Primary,MAS migration,29-OCT-2002 09:00:24,USGS,29-OCT-2002 09:01:54,fIN,,
216439,10003868,Sandur,Occurrence,https://mrdata.usgs.gov/mrds/show-mrds.php?dep_id=10003868, MN ,76.1853,14.68706,196517,1,Manganese,MN,Metallic,Manganese,Primary,MRDS migration,29-OCT-2002 09:00:24,USGS,29-OCT-2002 09:00:26,fIN,,
218822,60000571,Madhya Pradesh and Maharashtra States,Producer,https://mrdata.usgs.gov/mrds/show-mrds.php?dep_id=60000571, MN ,80.30034,21.83277,10289,1,Manganese,MN,Metallic,Manganese,Primary,MRDS migration,30-SEP-2007 00:00:00,,,fIN,,
218857,10003855,Kera,Occurrence,https://mrdata.usgs.gov/mrds/show-mrds.php?dep_id=10003855, MN ,80.11701,21.74948,196452,1,Manganese,MN,Metallic,Manganese,Primary,MRDS migration,29-OCT-2002 09:00:24,USGS,29-OCT-2002 09:00:26,fIN,,
221899,10090206,Behrai,Occurrence,https://mrdata.usgs.gov/mrds/show-mrds.php?dep_id=10090206, MN ,80.13367,21.84947,120366,1,Manganese,MN,Metallic,Manganese,Primary,MRDS migration,29-OCT-2002 09:00:24,USGS,29-OCT-2002 09:01:08,fIN,,
222421,10159238,Tirodi,Producer,https://mrdata.usgs.gov/mrds/show-mrds.php?dep_id=10159238, MN ,79.75035,21.68278,227116,1,Manganese,MN,Metallic,Manganese,Primary,MAS migration,29-OCT-2002 09:00:24,USGS,29-OCT-2002 09:01:36,fIN,,
222612,10182813,Chaibasa Area,Past Producer,https://mrdata.usgs.gov/mrds/show-mrds.php?dep_id=10182813, MN ,85.81019,22.5494,152802,1,Manganese,MN,Metallic,Manganese,Tertiary,MAS migration,29-OCT-2002 09:00:24,USGS,29-OCT-2002 09:01:45,fIN,,
225628,10256325,Kuttinga,Producer,https://mrdata.usgs.gov/mrds/show-mrds.php?dep_id=10256325, MN ,83.46695,19.1664,152836,1,Manganese,MN,Metallic,Manganese,Primary,MAS migration,29-OCT-2002 09:00:24,USGS,29-OCT-2002 09:02:17,fIN,,
228446,10003869,Sanguem,Past Producer,https://mrdata.usgs.gov/mrds/show-mrds.php?dep_id=10003869, MN ,74.16715,15.22509,194843,1,Manganese,MN,Metallic,Manganese,Primary,MRDS migration,29-OCT-2002 09:00:24,USGS,29-OCT-2002 09:00:26,fIN,,
228447,10003872,Titwa,Occurrence,https://mrdata.usgs.gov/mrds/show-mrds.php?dep_id=10003872, MN ,80.13367,21.99529,195945,1,Manganese,MN,Metallic,Manganese,Primary,MRDS migration,29-OCT-2002 09:00:24,USGS,29-OCT-2002 09:00:26,fIN,,
230316,10256031,Mudda Mines,Past Producer,https://mrdata.usgs.gov/mrds/show-mrds.php?dep_id=10256031, MN ,79.41036,21.4595,141458,1,Manganese,MN,Metallic,Manganese,Tertiary,MAS migration,29-OCT-2002 09:00:24,USGS,29-OCT-2002 09:02:17,fIN,,
230796,10003850,Hirapur,Occurrence,https://mrdata.usgs.gov/mrds/show-mrds.php?dep_id=10003850, MN ,80.24201,21.84947,190742,1,Manganese,MN,Metallic,Manganese,Primary,MRDS migration,29-OCT-2002 09:00:24,USGS,29-OCT-2002 09:00:26,fIN,,
237974,10021434,Balaghat Mine,Producer,https://mrdata.usgs.gov/mrds/show-mrds.php?dep_id=10021434, MN ,79.61656,22.88286,90188,1,Manganese,MN,Metallic,Manganese,Primary,MRDS migration,29-OCT-2002 09:00:24,USGS,29-OCT-2002 09:00:36,fIN,,
242024,10255890,Barbill Mine,Producer,https://mrdata.usgs.gov/mrds/show-mrds.php?dep_id=10255890, MN AL ,85.3502,22.11614,273682,3,Manganese,MN,Metallic,Manganese,Primary,MAS migration,29-OCT-2002 09:00:24,USGS,29-OCT-2002 09:02:17,fIN,,
245766,10133901,Lohdongri Deposit,Past Producer,https://mrdata.usgs.gov/mrds/show-mrds.php?dep_id=10133901, FE ,79.36036,21.32952,153081,2,Manganese,MN,Metallic,Manganese,Tertiary,MAS migration,29-OCT-2002 09:00:24,USGS,29-OCT-2002 09:01:26,fIN,,
245962,10159301,Keonjhar Mn Deposits,Producer,https://mrdata.usgs.gov/mrds/show-mrds.php?dep_id=10159301, MN ,85.4102,22.02944,238045,1,Manganese,MN,Metallic,Manganese,Primary,MAS migration,29-OCT-2002 09:00:24,USGS,29-OCT-2002 09:01:36,fIN,,
247166,10003851,Jaitpuri,Occurrence,https://mrdata.usgs.gov/mrds/show-mrds.php?dep_id=10003851, MN ,80.36701,22.01612,192185,1,Manganese,MN,Metallic,Manganese,Primary,MRDS migration,29-OCT-2002 09:00:24,USGS,29-OCT-2002 09:00:26,fIN,,
247167,10003919,Galdanian,Occurrence,https://mrdata.usgs.gov/mrds/show-mrds.php?dep_id=10003919, MN ,73.31725,34.26522,172486,1,Manganese,MN,Metallic,Manganese,Tertiary,MRDS migration,29-OCT-2002 09:00:24,USGS,29-OCT-2002 09:00:26,fPK,,
249200,10279381,Mandri Mine,Producer,https://mrdata.usgs.gov/mrds/show-mrds.php?dep_id=10279381, MN ,79.40036,21.40951,364569,1,Manganese,MN,Metallic,Manganese,Tertiary,MAS migration,29-OCT-2002 09:00:24,USGS,29-OCT-2002 09:02:26,fIN,,
250158,10090224,Talabori,Occurrence,https://mrdata.usgs.gov/mrds/show-mrds.php?dep_id=10090224, MN ,80.31701,21.94946,107843,1,Manganese,MN,Metallic,Manganese,Primary,MRDS migration,29-OCT-2002 09:00:24,USGS,29-OCT-2002 09:01:08,fIN,,
250885,10183644,Balapur Hamesha Mine,Producer,https://mrdata.usgs.gov/mrds/show-mrds.php?dep_id=10183644, MN ,76.60043,20.80957,355492,1,Manganese,MN,Metallic,Manganese,Tertiary,MAS migration,29-OCT-2002 09:00:24,USGS,29-OCT-2002 09:01:45,fIN,,
251875,10003848,Gongalpara,Occurrence,https://mrdata.usgs.gov/mrds/show-mrds.php?dep_id=10003848, MN ,80.30034,21.89946,191748,1,Manganese,MN,Metallic,Manganese,Primary,MRDS migration,29-OCT-2002 09:00:24,USGS,29-OCT-2002 09:00:26,fIN,,
251876,10003874,Viliena,Producer,https://mrdata.usgs.gov/mrds/show-mrds.php?dep_id=10003874, MN ,74.25048,15.16676,192071,1,Manganese,MN,Metallic,Manganese,Primary,MRDS migration,29-OCT-2002 09:00:24,USGS,29-OCT-2002 09:00:26,fIN,,
252522,10090213,Hirmutola,Occurrence,https://mrdata.usgs.gov/mrds/show-mrds.php?dep_id=10090213, MN ,80.13367,21.98279,214293,1,Manganese,MN,Metallic,Manganese,Primary,MRDS migration,29-OCT-2002 09:00:24,USGS,29-OCT-2002 09:02:45,fIN,,
258990,10003844,Dongargaon,Occurrence,https://mrdata.usgs.gov/mrds/show-mrds.php?dep_id=10003844, MN ,80.08367,21.71615,192693,1,Manganese,MN,Metallic,Manganese,Primary,MRDS migration,29-OCT-2002 09:00:24,USGS,29-OCT-2002 09:00:26,fIN,,
260479,10207106,Satak Mine and Satak Extension Mi,Past Producer,https://mrdata.usgs.gov/mrds/show-mrds.php?dep_id=10207106, FE ,79.26036,21.34951,323695,2,Manganese,MN,Metallic,Manganese,Tertiary,MAS migration,29-OCT-2002 09:00:24,USGS,29-OCT-2002 09:01:54,fIN,,
270775,10003847,Ghondi,Past Producer,https://mrdata.usgs.gov/mrds/show-mrds.php?dep_id=10003847, MN ,80.417,21.91613,195283,1,Manganese,MN,Metallic,Manganese,Primary,MRDS migration,29-OCT-2002 09:00:24,USGS,29-OCT-2002 09:00:26,fIN,,
271420,10084839,Orissa Deposits,Producer,https://mrdata.usgs.gov/mrds/show-mrds.php?dep_id=10084839, MN ,85.66686,21.63281,214681,1,Manganese,MN,Metallic,Manganese,Primary,MRDS migration,29-OCT-2002 09:00:24,USGS,29-OCT-2002 09:01:05,fIN,,
271957,10159518,Kanavehalli Group Deposits,Prospect,https://mrdata.usgs.gov/mrds/show-mrds.php?dep_id=10159518, MN ,76.55042,15.0801,238269,1,Manganese,MN,Metallic,Manganese,Tertiary,MAS migration,29-OCT-2002 09:00:24,USGS,29-OCT-2002 09:01:36,fIN,,
272513,10231115,Kumaraswami,Prospect,https://mrdata.usgs.gov/mrds/show-mrds.php?dep_id=10231115, MN ,76.55042,15.0801,330808,1,Manganese,MN,Metallic,Manganese,Tertiary,MAS migration,29-OCT-2002 09:00:24,USGS,29-OCT-2002 09:02:05,fIN,,
273186,10003858,Kurthitola,Occurrence,https://mrdata.usgs.gov/mrds/show-mrds.php?dep_id=10003858, MN ,80.25034,21.94946,195953,1,Manganese,MN,Metallic,Manganese,Primary,MRDS migration,29-OCT-2002 09:00:24,USGS,29-OCT-2002 09:00:26,fIN,,
273187,10003871,Sonawani,Occurrence,https://mrdata.usgs.gov/mrds/show-mrds.php?dep_id=10003871, MN ,80.35034,21.86614,196519,1,Manganese,MN,Metallic,Manganese,Primary,MRDS migration,29-OCT-2002 09:00:24,USGS,29-OCT-2002 09:00:26,fIN,,
276307,10094105,Ramrama,Occurrence,https://mrdata.usgs.gov/mrds/show-mrds.php?dep_id=10094105, MN ,79.94202,21.85503,48046,1,Manganese,MN,Metallic,Manganese,Primary,MRDS migration,29-OCT-2002 09:00:24,USGS,29-OCT-2002 09:01:09,fIN,,
277758,10279574,"Joida Mn Deposits: Nagari, Chipol",Producer,https://mrdata.usgs.gov/mrds/show-mrds.php?dep_id=10279574, FE ,74.50047,15.21009,85215,2,Manganese,MN,Metallic,Manganese,Tertiary,MAS migration,29-OCT-2002 09:00:24,USGS,29-OCT-2002 09:02:26,fIN,,
287642,10003867,Samnapur,Occurrence,https://mrdata.usgs.gov/mrds/show-mrds.php?dep_id=10003867, MN ,80.48366,21.96613,194842,1,Manganese,MN,Metallic,Manganese,Primary,MRDS migration,29-OCT-2002 09:00:24,USGS,29-OCT-2002 09:00:26,fIN,,
288356,10090245,Killa,Occurrence,https://mrdata.usgs.gov/mrds/show-mrds.php?dep_id=10090245, MN ,73.50058,34.36521,126716,1,Manganese,MN,Metallic,Manganese,Tertiary,MRDS migration,29-OCT-2002 09:00:24,USGS,29-OCT-2002 09:01:08,fPK,,
290036,60000572,Orissa State,Producer,https://mrdata.usgs.gov/mrds/show-mrds.php?dep_id=60000572, MN ,85.66689,21.63278,11048,1,Manganese,MN,Metallic,Manganese,Primary,MRDS migration,30-SEP-2007 00:00:00,,,fIN,,
290037,60000575,Andhra Pradesh State,Producer,https://mrdata.usgs.gov/mrds/show-mrds.php?dep_id=60000575, MN ,83.45025,18.36648,10816,1,Manganese,MN,Metallic,Manganese,Primary,MRDS migration,30-SEP-2007 00:00:00,,,fIN,,
295525,10090221,Salpa,Occurrence,https://mrdata.usgs.gov/mrds/show-mrds.php?dep_id=10090221, MN ,80.35034,21.99947,107748,1,Manganese,MN,Metallic,Manganese,Primary,MRDS migration,29-OCT-2002 09:00:24,USGS,29-OCT-2002 09:01:08,fIN,,
297263,10003862,Peli,Occurrence,https://mrdata.usgs.gov/mrds/show-mrds.php?dep_id=10003862, MN ,80.26701,21.86614,195071,1,Manganese,MN,Metallic,Manganese,Primary,MRDS migration,29-OCT-2002 09:00:24,USGS,29-OCT-2002 09:00:26,fIN,,
299588,10003852,Kajlidongri,Past Producer,https://mrdata.usgs.gov/mrds/show-mrds.php?dep_id=10003852, MN ,74.51716,22.94939,193267,1,Manganese,MN,Metallic,Manganese,Primary,MRDS migration,29-OCT-2002 09:00:24,USGS,29-OCT-2002 09:00:26,fIN,,
299589,10003863,Piparia,Occurrence,https://mrdata.usgs.gov/mrds/show-mrds.php?dep_id=10003863, MN ,80.16701,21.74948,195072,1,Manganese,MN,Metallic,Manganese,Primary,MRDS migration,29-OCT-2002 09:00:24,USGS,29-OCT-2002 09:00:26,fIN,,
301206,10208573,Bisgod,Producer,https://mrdata.usgs.gov/mrds/show-mrds.php?dep_id=10208573, MN FE ,74.58487,15.0501,74901,2,Manganese,MN,Metallic,Manganese,Primary,MAS migration,29-OCT-2002 09:00:24,USGS,29-OCT-2002 09:01:54,fIN,,
301550,10255753,Shivrajpur Syndicate Concessions,Producer,https://mrdata.usgs.gov/mrds/show-mrds.php?dep_id=10255753, FE ,73.65051,22.39944,263542,2,Manganese,MN,Metallic,Manganese,Tertiary,MAS migration,29-OCT-2002 09:00:24,USGS,29-OCT-2002 09:02:17,fIN,,
302700,10090219,Pindkapar,Occurrence,https://mrdata.usgs.gov/mrds/show-mrds.php?dep_id=10090219, MN ,80.43366,21.98279,252390,1,Manganese,MN,Metallic,Manganese,Primary,MRDS migration,29-OCT-2002 09:00:24,USGS,29-OCT-2002 09:02:45,fIN,,
302812,10106593,Naveli,Producer,https://mrdata.usgs.gov/mrds/show-mrds.php?dep_id=10106593, MN ,74.16715,15.13343,310352,1,Manganese,MN,Metallic,Manganese,Primary,MRDS migration,29-OCT-2002 09:00:24,USGS,29-OCT-2002 09:01:15,fIN,,
304141,10279528,Waregaon Deposit,Past Producer,https://mrdata.usgs.gov/mrds/show-mrds.php?dep_id=10279528, MN ,79.41036,21.32952,150591,1,Manganese,MN,Metallic,Manganese,Tertiary,MAS migration,29-OCT-2002 09:00:24,USGS,29-OCT-2002 09:02:26,fIN,,
