sample_id,patch_filename,patch_path,label,spatial_block_id,spatial_split
MN_OCC_0001,patch_MN_OCC_0001.npy,d:\mangan ai\data\training\patches\patch_MN_OCC_0001.npy,1,21_80,validation
MN_OCC_0002,patch_MN_OCC_0002.npy,d:\mangan ai\data\training\patches\patch_MN_OCC_0002.npy,1,29_69,test
MN_OCC_0003,patch_MN_OCC_0003.npy,d:\mangan ai\data\training\patches\patch_MN_OCC_0003.npy,1,18_83,validation
MN_OCC_0004,patch_MN_OCC_0004.npy,d:\mangan ai\data\training\patches\patch_MN_OCC_0004.npy,1,21_80,validation
MN_OCC_0005,patch_MN_OCC_0005.npy,d:\mangan ai\data\training\patches\patch_MN_OCC_0005.npy,1,21_79,train
MN_OCC_0006,patch_MN_OCC_0006.npy,d:\mangan ai\data\training\patches\patch_MN_OCC_0006.npy,1,21_79,train
MN_OCC_0007,patch_MN_OCC_0007.npy,d:\mangan ai\data\training\patches\patch_MN_OCC_0007.npy,1,19_83,train
MN_OCC_0008,patch_MN_OCC_0008.npy,d:\mangan ai\data\training\patches\patch_MN_OCC_0008.npy,1,21_80,validation
MN_OCC_0009,patch_MN_OCC_0009.npy,d:\mangan ai\data\training\patches\patch_MN_OCC_0009.npy,1,22_79,train
MN_OCC_0010,patch_MN_OCC_0010.npy,d:\mangan ai\data\training\patches\patch_MN_OCC_0010.npy,1,22_85,train
MN_OCC_0011,patch_MN_OCC_0011.npy,d:\mangan ai\data\training\patches\patch_MN_OCC_0011.npy,1,21_80,validation
MN_OCC_0012,patch_MN_OCC_0012.npy,d:\mangan ai\data\training\patches\patch_MN_OCC_0012.npy,1,21_79,train
MN_OCC_0013,patch_MN_OCC_0013.npy,d:\mangan ai\data\training\patches\patch_MN_OCC_0013.npy,1,33_71,train
MN_OCC_0014,patch_MN_OCC_0014.npy,d:\mangan ai\data\training\patches\patch_MN_OCC_0014.npy,1,15_74,train
MN_OCC_0015,patch_MN_OCC_0015.npy,d:\mangan ai\data\training\patches\patch_MN_OCC_0015.npy,1,20_84,test
MN_OCC_0016,patch_MN_OCC_0016.npy,d:\mangan ai\data\training\patches\patch_MN_OCC_0016.npy,1,21_79,train
MN_OCC_0017,patch_MN_OCC_0017.npy,d:\mangan ai\data\training\patches\patch_MN_OCC_0017.npy,1,14_79,train
MN_OCC_0018,patch_MN_OCC_0018.npy,d:\mangan ai\data\training\patches\patch_MN_OCC_0018.npy,1,23_87,train
MN_OCC_0019,patch_MN_OCC_0019.npy,d:\mangan ai\data\training\patches\patch_MN_OCC_0019.npy,1,21_80,validation
MN_OCC_0020,patch_MN_OCC_0020.npy,d:\mangan ai\data\training\patches\patch_MN_OCC_0020.npy,1,21_79,train
MN_OCC_0021,patch_MN_OCC_0021.npy,d:\mangan ai\data\training\patches\patch_MN_OCC_0021.npy,1,21_80,validation
MN_OCC_0022,patch_MN_OCC_0022.npy,d:\mangan ai\data\training\patches\patch_MN_OCC_0022.npy,1,21_80,validation
MN_OCC_0024,patch_MN_OCC_0024.npy,d:\mangan ai\data\training\patches\patch_MN_OCC_0024.npy,1,22_80,train
MN_OCC_0025,patch_MN_OCC_0025.npy,d:\mangan ai\data\training\patches\patch_MN_OCC_0025.npy,1,21_80,validation
MN_OCC_0026,patch_MN_OCC_0026.npy,d:\mangan ai\data\training\patches\patch_MN_OCC_0026.npy,1,15_73,validation
MN_OCC_0027,patch_MN_OCC_0027.npy,d:\mangan ai\data\training\patches\patch_MN_OCC_0027.npy,1,21_80,validation
MN_OCC_0028,patch_MN_OCC_0028.npy,d:\mangan ai\data\training\patches\patch_MN_OCC_0028.npy,1,21_80,validation
MN_OCC_0029,patch_MN_OCC_0029.npy,d:\mangan ai\data\training\patches\patch_MN_OCC_0029.npy,1,34_73,train
MN_OCC_0030,patch_MN_OCC_0030.npy,d:\mangan ai\data\training\patches\patch_MN_OCC_0030.npy,1,15_74,train
MN_OCC_0031,patch_MN_OCC_0031.npy,d:\mangan ai\data\training\patches\patch_MN_OCC_0031.npy,1,21_85,test
MN_OCC_0032,patch_MN_OCC_0032.npy,d:\mangan ai\data\training\patches\patch_MN_OCC_0032.npy,1,21_80,validation
MN_OCC_0033,patch_MN_OCC_0033.npy,d:\mangan ai\data\training\patches\patch_MN_OCC_0033.npy,1,21_80,validation
MN_OCC_0034,patch_MN_OCC_0034.npy,d:\mangan ai\data\training\patches\patch_MN_OCC_0034.npy,1,22_80,train
MN_OCC_0035,patch_MN_OCC_0035.npy,d:\mangan ai\data\training\patches\patch_MN_OCC_0035.npy,1,21_80,validation
MN_OCC_0036,patch_MN_OCC_0036.npy,d:\mangan ai\data\training\patches\patch_MN_OCC_0036.npy,1,21_80,validation
MN_OCC_0037,patch_MN_OCC_0037.npy,d:\mangan ai\data\training\patches\patch_MN_OCC_0037.npy,1,21_80,validation
MN_OCC_0038,patch_MN_OCC_0038.npy,d:\mangan ai\data\training\patches\patch_MN_OCC_0038.npy,1,21_80,validation
MN_OCC_0039,patch_MN_OCC_0039.npy,d:\mangan ai\data\training\patches\patch_MN_OCC_0039.npy,1,21_79,train
MN_OCC_0040,patch_MN_OCC_0040.npy,d:\mangan ai\data\training\patches\patch_MN_OCC_0040.npy,1,21_80,validation
MN_OCC_0042,patch_MN_OCC_0042.npy,d:\mangan ai\data\training\patches\patch_MN_OCC_0042.npy,1,15_74,train
MN_OCC_0043,patch_MN_OCC_0043.npy,d:\mangan ai\data\training\patches\patch_MN_OCC_0043.npy,1,21_80,validation
MN_OCC_0044,patch_MN_OCC_0044.npy,d:\mangan ai\data\training\patches\patch_MN_OCC_0044.npy,1,21_80,validation
MN_OCC_0045,patch_MN_OCC_0045.npy,d:\mangan ai\data\training\patches\patch_MN_OCC_0045.npy,1,23_96,train
MN_OCC_0046,patch_MN_OCC_0046.npy,d:\mangan ai\data\training\patches\patch_MN_OCC_0046.npy,1,21_80,validation
MN_OCC_0048,patch_MN_OCC_0048.npy,d:\mangan ai\data\training\patches\patch_MN_OCC_0048.npy,1,21_80,validation
MN_OCC_0049,patch_MN_OCC_0049.npy,d:\mangan ai\data\training\patches\patch_MN_OCC_0049.npy,1,22_85,train
MN_OCC_0051,patch_MN_OCC_0051.npy,d:\mangan ai\data\training\patches\patch_MN_OCC_0051.npy,1,21_80,validation
MN_OCC_0052,patch_MN_OCC_0052.npy,d:\mangan ai\data\training\patches\patch_MN_OCC_0052.npy,1,21_80,validation
MN_OCC_0053,patch_MN_OCC_0053.npy,d:\mangan ai\data\training\patches\patch_MN_OCC_0053.npy,1,21_80,validation
MN_OCC_0054,patch_MN_OCC_0054.npy,d:\mangan ai\data\training\patches\patch_MN_OCC_0054.npy,1,20_86,train
MN_OCC_0055,patch_MN_OCC_0055.npy,d:\mangan ai\data\training\patches\patch_MN_OCC_0055.npy,1,21_80,validation
MN_OCC_0056,patch_MN_OCC_0056.npy,d:\mangan ai\data\training\patches\patch_MN_OCC_0056.npy,1,21_79,train
MN_OCC_0057,patch_MN_OCC_0057.npy,d:\mangan ai\data\training\patches\patch_MN_OCC_0057.npy,1,21_80,validation
MN_OCC_0059,patch_MN_OCC_0059.npy,d:\mangan ai\data\training\patches\patch_MN_OCC_0059.npy,1,21_80,validation
MN_OCC_0060,patch_MN_OCC_0060.npy,d:\mangan ai\data\training\patches\patch_MN_OCC_0060.npy,1,21_80,validation
MN_OCC_0061,patch_MN_OCC_0061.npy,d:\mangan ai\data\training\patches\patch_MN_OCC_0061.npy,1,23_74,train
MN_OCC_0062,patch_MN_OCC_0062.npy,d:\mangan ai\data\training\patches\patch_MN_OCC_0062.npy,1,22_72,train
MN_OCC_0063,patch_MN_OCC_0063.npy,d:\mangan ai\data\training\patches\patch_MN_OCC_0063.npy,1,21_80,validation
MN_OCC_0064,patch_MN_OCC_0064.npy,d:\mangan ai\data\training\patches\patch_MN_OCC_0064.npy,1,34_73,train
MN_OCC_0065,patch_MN_OCC_0065.npy,d:\mangan ai\data\training\patches\patch_MN_OCC_0065.npy,1,22_73,train
MN_OCC_0067,patch_MN_OCC_0067.npy,d:\mangan ai\data\training\patches\patch_MN_OCC_0067.npy,1,19_83,train
MN_OCC_0068,patch_MN_OCC_0068.npy,d:\mangan ai\data\training\patches\patch_MN_OCC_0068.npy,1,21_79,train
MN_OCC_0069,patch_MN_OCC_0069.npy,d:\mangan ai\data\training\patches\patch_MN_OCC_0069.npy,1,21_79,train
MN_OCC_0070,patch_MN_OCC_0070.npy,d:\mangan ai\data\training\patches\patch_MN_OCC_0070.npy,1,13_75,train
MN_OCC_0071,patch_MN_OCC_0071.npy,d:\mangan ai\data\training\patches\patch_MN_OCC_0071.npy,1,15_76,test
MN_OCC_0072,patch_MN_OCC_0072.npy,d:\mangan ai\data\training\patches\patch_MN_OCC_0072.npy,1,21_79,train
MN_OCC_0073,patch_MN_OCC_0073.npy,d:\mangan ai\data\training\patches\patch_MN_OCC_0073.npy,1,21_80,validation
MN_OCC_0074,patch_MN_OCC_0074.npy,d:\mangan ai\data\training\patches\patch_MN_OCC_0074.npy,1,34_73,train
MN_OCC_0075,patch_MN_OCC_0075.npy,d:\mangan ai\data\training\patches\patch_MN_OCC_0075.npy,1,21_80,validation
MN_OCC_0076,patch_MN_OCC_0076.npy,d:\mangan ai\data\training\patches\patch_MN_OCC_0076.npy,1,23_86,test
MN_OCC_0078,patch_MN_OCC_0078.npy,d:\mangan ai\data\training\patches\patch_MN_OCC_0078.npy,1,21_80,validation
MN_OCC_0079,patch_MN_OCC_0079.npy,d:\mangan ai\data\training\patches\patch_MN_OCC_0079.npy,1,21_80,validation
MN_OCC_0080,patch_MN_OCC_0080.npy,d:\mangan ai\data\training\patches\patch_MN_OCC_0080.npy,1,21_80,validation
MN_OCC_0081,patch_MN_OCC_0081.npy,d:\mangan ai\data\training\patches\patch_MN_OCC_0081.npy,1,21_79,train
MN_OCC_0082,patch_MN_OCC_0082.npy,d:\mangan ai\data\training\patches\patch_MN_OCC_0082.npy,1,21_80,validation
MN_OCC_0083,patch_MN_OCC_0083.npy,d:\mangan ai\data\training\patches\patch_MN_OCC_0083.npy,1,21_80,validation
MN_OCC_0084,patch_MN_OCC_0084.npy,d:\mangan ai\data\training\patches\patch_MN_OCC_0084.npy,1,15_74,train
MN_OCC_0085,patch_MN_OCC_0085.npy,d:\mangan ai\data\training\patches\patch_MN_OCC_0085.npy,1,31_69,validation
MN_OCC_0086,patch_MN_OCC_0086.npy,d:\mangan ai\data\training\patches\patch_MN_OCC_0086.npy,1,21_80,validation
MN_OCC_0087,patch_MN_OCC_0087.npy,d:\mangan ai\data\training\patches\patch_MN_OCC_0087.npy,1,15_79,validation
MN_OCC_0088,patch_MN_OCC_0088.npy,d:\mangan ai\data\training\patches\patch_MN_OCC_0088.npy,1,16_79,train
MN_OCC_0089,patch_MN_OCC_0089.npy,d:\mangan ai\data\training\patches\patch_MN_OCC_0089.npy,1,21_79,train
MN_OCC_0090,patch_MN_OCC_0090.npy,d:\mangan ai\data\training\patches\patch_MN_OCC_0090.npy,1,15_74,train
MN_OCC_0092,patch_MN_OCC_0092.npy,d:\mangan ai\data\training\patches\patch_MN_OCC_0092.npy,1,21_78,train
MN_OCC_0093,patch_MN_OCC_0093.npy,d:\mangan ai\data\training\patches\patch_MN_OCC_0093.npy,1,14_76,validation
MN_OCC_0094,patch_MN_OCC_0094.npy,d:\mangan ai\data\training\patches\patch_MN_OCC_0094.npy,1,21_80,validation
MN_OCC_0095,patch_MN_OCC_0095.npy,d:\mangan ai\data\training\patches\patch_MN_OCC_0095.npy,1,21_80,validation
MN_OCC_0096,patch_MN_OCC_0096.npy,d:\mangan ai\data\training\patches\patch_MN_OCC_0096.npy,1,21_80,validation
MN_OCC_0097,patch_MN_OCC_0097.npy,d:\mangan ai\data\training\patches\patch_MN_OCC_0097.npy,1,21_79,train
MN_OCC_0098,patch_MN_OCC_0098.npy,d:\mangan ai\data\training\patches\patch_MN_OCC_0098.npy,1,22_85,train
MN_OCC_0100,patch_MN_OCC_0100.npy,d:\mangan ai\data\training\patches\patch_MN_OCC_0100.npy,1,15_74,train
MN_OCC_0101,patch_MN_OCC_0101.npy,d:\mangan ai\data\training\patches\patch_MN_OCC_0101.npy,1,21_80,validation
MN_OCC_0102,patch_MN_OCC_0102.npy,d:\mangan ai\data\training\patches\patch_MN_OCC_0102.npy,1,21_79,train
MN_OCC_0103,patch_MN_OCC_0103.npy,d:\mangan ai\data\training\patches\patch_MN_OCC_0103.npy,1,21_80,validation
MN_OCC_0106,patch_MN_OCC_0106.npy,d:\mangan ai\data\training\patches\patch_MN_OCC_0106.npy,1,21_79,train
MN_OCC_0107,patch_MN_OCC_0107.npy,d:\mangan ai\data\training\patches\patch_MN_OCC_0107.npy,1,22_85,train
MN_OCC_0108,patch_MN_OCC_0108.npy,d:\mangan ai\data\training\patches\patch_MN_OCC_0108.npy,1,22_80,train
MN_OCC_0109,patch_MN_OCC_0109.npy,d:\mangan ai\data\training\patches\patch_MN_OCC_0109.npy,1,34_73,train
MN_OCC_0110,patch_MN_OCC_0110.npy,d:\mangan ai\data\training\patches\patch_MN_OCC_0110.npy,1,21_79,train
MN_OCC_0111,patch_MN_OCC_0111.npy,d:\mangan ai\data\training\patches\patch_MN_OCC_0111.npy,1,21_80,validation
MN_OCC_0112,patch_MN_OCC_0112.npy,d:\mangan ai\data\training\patches\patch_MN_OCC_0112.npy,1,20_76,train
MN_OCC_0113,patch_MN_OCC_0113.npy,d:\mangan ai\data\training\patches\patch_MN_OCC_0113.npy,1,21_80,validation
MN_OCC_0114,patch_MN_OCC_0114.npy,d:\mangan ai\data\training\patches\patch_MN_OCC_0114.npy,1,15_74,train
MN_OCC_0115,patch_MN_OCC_0115.npy,d:\mangan ai\data\training\patches\patch_MN_OCC_0115.npy,1,21_80,validation
MN_OCC_0116,patch_MN_OCC_0116.npy,d:\mangan ai\data\training\patches\patch_MN_OCC_0116.npy,1,21_80,validation
MN_OCC_0117,patch_MN_OCC_0117.npy,d:\mangan ai\data\training\patches\patch_MN_OCC_0117.npy,1,21_79,train
MN_OCC_0118,patch_MN_OCC_0118.npy,d:\mangan ai\data\training\patches\patch_MN_OCC_0118.npy,1,21_80,validation
MN_OCC_0119,patch_MN_OCC_0119.npy,d:\mangan ai\data\training\patches\patch_MN_OCC_0119.npy,1,21_85,test
MN_OCC_0122,patch_MN_OCC_0122.npy,d:\mangan ai\data\training\patches\patch_MN_OCC_0122.npy,1,21_80,validation
MN_OCC_0124,patch_MN_OCC_0124.npy,d:\mangan ai\data\training\patches\patch_MN_OCC_0124.npy,1,21_79,train
MN_OCC_0125,patch_MN_OCC_0125.npy,d:\mangan ai\data\training\patches\patch_MN_OCC_0125.npy,1,15_74,train
MN_OCC_0126,patch_MN_OCC_0126.npy,d:\mangan ai\data\training\patches\patch_MN_OCC_0126.npy,1,21_80,validation
MN_OCC_0127,patch_MN_OCC_0127.npy,d:\mangan ai\data\training\patches\patch_MN_OCC_0127.npy,1,34_73,train
MN_OCC_0128,patch_MN_OCC_0128.npy,d:\mangan ai\data\training\patches\patch_MN_OCC_0128.npy,1,21_85,test
MN_OCC_0129,patch_MN_OCC_0129.npy,d:\mangan ai\data\training\patches\patch_MN_OCC_0129.npy,1,18_83,validation
MN_OCC_0130,patch_MN_OCC_0130.npy,d:\mangan ai\data\training\patches\patch_MN_OCC_0130.npy,1,21_80,validation
MN_OCC_0131,patch_MN_OCC_0131.npy,d:\mangan ai\data\training\patches\patch_MN_OCC_0131.npy,1,21_80,validation
MN_OCC_0132,patch_MN_OCC_0132.npy,d:\mangan ai\data\training\patches\patch_MN_OCC_0132.npy,1,22_74,validation
MN_OCC_0133,patch_MN_OCC_0133.npy,d:\mangan ai\data\training\patches\patch_MN_OCC_0133.npy,1,21_80,validation
MN_OCC_0134,patch_MN_OCC_0134.npy,d:\mangan ai\data\training\patches\patch_MN_OCC_0134.npy,1,15_74,train
MN_OCC_0135,patch_MN_OCC_0135.npy,d:\mangan ai\data\training\patches\patch_MN_OCC_0135.npy,1,22_73,train
MN_OCC_0136,patch_MN_OCC_0136.npy,d:\mangan ai\data\training\patches\patch_MN_OCC_0136.npy,1,21_80,validation
MN_OCC_0137,patch_MN_OCC_0137.npy,d:\mangan ai\data\training\patches\patch_MN_OCC_0137.npy,1,15_74,train
MN_OCC_0138,patch_MN_OCC_0138.npy,d:\mangan ai\data\training\patches\patch_MN_OCC_0138.npy,1,21_79,train
MN_BG_0001,patch_MN_BG_0001.npy,d:\mangan ai\data\training\patches\patch_MN_BG_0001.npy,0,15_74,train
MN_BG_0002,patch_MN_BG_0002.npy,d:\mangan ai\data\training\patches\patch_MN_BG_0002.npy,0,18_83,validation
MN_BG_0003,patch_MN_BG_0003.npy,d:\mangan ai\data\training\patches\patch_MN_BG_0003.npy,0,15_75,test
MN_BG_0004,patch_MN_BG_0004.npy,d:\mangan ai\data\training\patches\patch_MN_BG_0004.npy,0,18_84,train
MN_BG_0005,patch_MN_BG_0005.npy,d:\mangan ai\data\training\patches\patch_MN_BG_0005.npy,0,18_83,validation
MN_BG_0006,patch_MN_BG_0006.npy,d:\mangan ai\data\training\patches\patch_MN_BG_0006.npy,0,18_83,validation
MN_BG_0007,patch_MN_BG_0007.npy,d:\mangan ai\data\training\patches\patch_MN_BG_0007.npy,0,14_74,train
MN_BG_0008,patch_MN_BG_0008.npy,d:\mangan ai\data\training\patches\patch_MN_BG_0008.npy,0,21_85,test
MN_BG_0009,patch_MN_BG_0009.npy,d:\mangan ai\data\training\patches\patch_MN_BG_0009.npy,0,21_83,train
MN_BG_0010,patch_MN_BG_0010.npy,d:\mangan ai\data\training\patches\patch_MN_BG_0010.npy,0,21_78,train
MN_BG_0011,patch_MN_BG_0011.npy,d:\mangan ai\data\training\patches\patch_MN_BG_0011.npy,0,19_83,train
MN_BG_0012,patch_MN_BG_0012.npy,d:\mangan ai\data\training\patches\patch_MN_BG_0012.npy,0,18_84,train
MN_BG_0013,patch_MN_BG_0013.npy,d:\mangan ai\data\training\patches\patch_MN_BG_0013.npy,0,14_75,train
MN_BG_0014,patch_MN_BG_0014.npy,d:\mangan ai\data\training\patches\patch_MN_BG_0014.npy,0,18_82,train
MN_BG_0015,patch_MN_BG_0015.npy,d:\mangan ai\data\training\patches\patch_MN_BG_0015.npy,0,20_86,train
MN_BG_0016,patch_MN_BG_0016.npy,d:\mangan ai\data\training\patches\patch_MN_BG_0016.npy,0,18_83,validation
MN_BG_0017,patch_MN_BG_0017.npy,d:\mangan ai\data\training\patches\patch_MN_BG_0017.npy,0,18_84,train
MN_BG_0018,patch_MN_BG_0018.npy,d:\mangan ai\data\training\patches\patch_MN_BG_0018.npy,0,20_83,test
MN_BG_0019,patch_MN_BG_0019.npy,d:\mangan ai\data\training\patches\patch_MN_BG_0019.npy,0,22_79,train
MN_BG_0020,patch_MN_BG_0020.npy,d:\mangan ai\data\training\patches\patch_MN_BG_0020.npy,0,22_85,train
MN_BG_0021,patch_MN_BG_0021.npy,d:\mangan ai\data\training\patches\patch_MN_BG_0021.npy,0,21_78,train
MN_BG_0022,patch_MN_BG_0022.npy,d:\mangan ai\data\training\patches\patch_MN_BG_0022.npy,0,18_83,validation
MN_BG_0023,patch_MN_BG_0023.npy,d:\mangan ai\data\training\patches\patch_MN_BG_0023.npy,0,16_76,train
MN_BG_0024,patch_MN_BG_0024.npy,d:\mangan ai\data\training\patches\patch_MN_BG_0024.npy,0,20_79,validation
MN_BG_0025,patch_MN_BG_0025.npy,d:\mangan ai\data\training\patches\patch_MN_BG_0025.npy,0,22_84,train
MN_BG_0026,patch_MN_BG_0026.npy,d:\mangan ai\data\training\patches\patch_MN_BG_0026.npy,0,20_84,test
MN_BG_0027,patch_MN_BG_0027.npy,d:\mangan ai\data\training\patches\patch_MN_BG_0027.npy,0,18_85,train
MN_BG_0028,patch_MN_BG_0028.npy,d:\mangan ai\data\training\patches\patch_MN_BG_0028.npy,0,19_84,test
MN_BG_0029,patch_MN_BG_0029.npy,d:\mangan ai\data\training\patches\patch_MN_BG_0029.npy,0,14_75,train
MN_BG_0030,patch_MN_BG_0030.npy,d:\mangan ai\data\training\patches\patch_MN_BG_0030.npy,0,14_74,train
MN_BG_0031,patch_MN_BG_0031.npy,d:\mangan ai\data\training\patches\patch_MN_BG_0031.npy,0,21_80,validation
MN_BG_0032,patch_MN_BG_0032.npy,d:\mangan ai\data\training\patches\patch_MN_BG_0032.npy,0,15_75,test
MN_BG_0033,patch_MN_BG_0033.npy,d:\mangan ai\data\training\patches\patch_MN_BG_0033.npy,0,18_84,train
MN_BG_0034,patch_MN_BG_0034.npy,d:\mangan ai\data\training\patches\patch_MN_BG_0034.npy,0,22_84,train
MN_BG_0035,patch_MN_BG_0035.npy,d:\mangan ai\data\training\patches\patch_MN_BG_0035.npy,0,13_76,train
MN_BG_0036,patch_MN_BG_0036.npy,d:\mangan ai\data\training\patches\patch_MN_BG_0036.npy,0,21_79,train
MN_BG_0037,patch_MN_BG_0037.npy,d:\mangan ai\data\training\patches\patch_MN_BG_0037.npy,0,20_83,test
MN_BG_0038,patch_MN_BG_0038.npy,d:\mangan ai\data\training\patches\patch_MN_BG_0038.npy,0,19_82,train
MN_BG_0039,patch_MN_BG_0039.npy,d:\mangan ai\data\training\patches\patch_MN_BG_0039.npy,0,21_79,train
MN_BG_0040,patch_MN_BG_0040.npy,d:\mangan ai\data\training\patches\patch_MN_BG_0040.npy,0,15_76,test
MN_BG_0041,patch_MN_BG_0041.npy,d:\mangan ai\data\training\patches\patch_MN_BG_0041.npy,0,21_85,test
MN_BG_0042,patch_MN_BG_0042.npy,d:\mangan ai\data\training\patches\patch_MN_BG_0042.npy,0,19_82,train
MN_BG_0043,patch_MN_BG_0043.npy,d:\mangan ai\data\training\patches\patch_MN_BG_0043.npy,0,15_76,test
MN_BG_0044,patch_MN_BG_0044.npy,d:\mangan ai\data\training\patches\patch_MN_BG_0044.npy,0,20_83,test
MN_BG_0045,patch_MN_BG_0045.npy,d:\mangan ai\data\training\patches\patch_MN_BG_0045.npy,0,20_80,train
MN_BG_0046,patch_MN_BG_0046.npy,d:\mangan ai\data\training\patches\patch_MN_BG_0046.npy,0,21_80,validation
MN_BG_0047,patch_MN_BG_0047.npy,d:\mangan ai\data\training\patches\patch_MN_BG_0047.npy,0,14_75,train
MN_BG_0048,patch_MN_BG_0048.npy,d:\mangan ai\data\training\patches\patch_MN_BG_0048.npy,0,18_84,train
MN_BG_0049,patch_MN_BG_0049.npy,d:\mangan ai\data\training\patches\patch_MN_BG_0049.npy,0,22_79,train
MN_BG_0050,patch_MN_BG_0050.npy,d:\mangan ai\data\training\patches\patch_MN_BG_0050.npy,0,13_75,train
MN_BG_0051,patch_MN_BG_0051.npy,d:\mangan ai\data\training\patches\patch_MN_BG_0051.npy,0,18_83,validation
MN_BG_0052,patch_MN_BG_0052.npy,d:\mangan ai\data\training\patches\patch_MN_BG_0052.npy,0,19_84,test
MN_BG_0053,patch_MN_BG_0053.npy,d:\mangan ai\data\training\patches\patch_MN_BG_0053.npy,0,14_75,train
MN_BG_0054,patch_MN_BG_0054.npy,d:\mangan ai\data\training\patches\patch_MN_BG_0054.npy,0,15_75,test
MN_BG_0055,patch_MN_BG_0055.npy,d:\mangan ai\data\training\patches\patch_MN_BG_0055.npy,0,21_79,train
MN_BG_0056,patch_MN_BG_0056.npy,d:\mangan ai\data\training\patches\patch_MN_BG_0056.npy,0,18_84,train
MN_BG_0057,patch_MN_BG_0057.npy,d:\mangan ai\data\training\patches\patch_MN_BG_0057.npy,0,19_84,test
MN_BG_0058,patch_MN_BG_0058.npy,d:\mangan ai\data\training\patches\patch_MN_BG_0058.npy,0,22_80,train
MN_BG_0059,patch_MN_BG_0059.npy,d:\mangan ai\data\training\patches\patch_MN_BG_0059.npy,0,19_85,train
MN_BG_0060,patch_MN_BG_0060.npy,d:\mangan ai\data\training\patches\patch_MN_BG_0060.npy,0,19_84,test
MN_BG_0061,patch_MN_BG_0061.npy,d:\mangan ai\data\training\patches\patch_MN_BG_0061.npy,0,18_85,train
MN_BG_0062,patch_MN_BG_0062.npy,d:\mangan ai\data\training\patches\patch_MN_BG_0062.npy,0,14_74,train
MN_BG_0063,patch_MN_BG_0063.npy,d:\mangan ai\data\training\patches\patch_MN_BG_0063.npy,0,16_75,train
MN_BG_0064,patch_MN_BG_0064.npy,d:\mangan ai\data\training\patches\patch_MN_BG_0064.npy,0,14_75,train
MN_BG_0065,patch_MN_BG_0065.npy,d:\mangan ai\data\training\patches\patch_MN_BG_0065.npy,0,22_79,train
MN_BG_0066,patch_MN_BG_0066.npy,d:\mangan ai\data\training\patches\patch_MN_BG_0066.npy,0,21_82,test
MN_BG_0067,patch_MN_BG_0067.npy,d:\mangan ai\data\training\patches\patch_MN_BG_0067.npy,0,15_77,train
MN_BG_0068,patch_MN_BG_0068.npy,d:\mangan ai\data\training\patches\patch_MN_BG_0068.npy,0,22_79,train
MN_BG_0069,patch_MN_BG_0069.npy,d:\mangan ai\data\training\patches\patch_MN_BG_0069.npy,0,13_76,train
MN_BG_0070,patch_MN_BG_0070.npy,d:\mangan ai\data\training\patches\patch_MN_BG_0070.npy,0,21_80,validation
MN_BG_0071,patch_MN_BG_0071.npy,d:\mangan ai\data\training\patches\patch_MN_BG_0071.npy,0,21_80,validation
MN_BG_0072,patch_MN_BG_0072.npy,d:\mangan ai\data\training\patches\patch_MN_BG_0072.npy,0,22_78,test
MN_BG_0073,patch_MN_BG_0073.npy,d:\mangan ai\data\training\patches\patch_MN_BG_0073.npy,0,21_78,train
MN_BG_0074,patch_MN_BG_0074.npy,d:\mangan ai\data\training\patches\patch_MN_BG_0074.npy,0,20_80,train
MN_BG_0075,patch_MN_BG_0075.npy,d:\mangan ai\data\training\patches\patch_MN_BG_0075.npy,0,22_82,train
MN_BG_0076,patch_MN_BG_0076.npy,d:\mangan ai\data\training\patches\patch_MN_BG_0076.npy,0,20_83,test
MN_BG_0077,patch_MN_BG_0077.npy,d:\mangan ai\data\training\patches\patch_MN_BG_0077.npy,0,18_84,train
MN_BG_0078,patch_MN_BG_0078.npy,d:\mangan ai\data\training\patches\patch_MN_BG_0078.npy,0,18_85,train
MN_BG_0079,patch_MN_BG_0079.npy,d:\mangan ai\data\training\patches\patch_MN_BG_0079.npy,0,22_86,train
MN_BG_0080,patch_MN_BG_0080.npy,d:\mangan ai\data\training\patches\patch_MN_BG_0080.npy,0,18_83,validation
MN_BG_0081,patch_MN_BG_0081.npy,d:\mangan ai\data\training\patches\patch_MN_BG_0081.npy,0,19_84,test
MN_BG_0082,patch_MN_BG_0082.npy,d:\mangan ai\data\training\patches\patch_MN_BG_0082.npy,0,20_85,train
MN_BG_0083,patch_MN_BG_0083.npy,d:\mangan ai\data\training\patches\patch_MN_BG_0083.npy,0,14_75,train
MN_BG_0084,patch_MN_BG_0084.npy,d:\mangan ai\data\training\patches\patch_MN_BG_0084.npy,0,19_85,train
MN_BG_0085,patch_MN_BG_0085.npy,d:\mangan ai\data\training\patches\patch_MN_BG_0085.npy,0,18_84,train
MN_BG_0086,patch_MN_BG_0086.npy,d:\mangan ai\data\training\patches\patch_MN_BG_0086.npy,0,22_78,test
MN_BG_0087,patch_MN_BG_0087.npy,d:\mangan ai\data\training\patches\patch_MN_BG_0087.npy,0,18_84,train
MN_BG_0088,patch_MN_BG_0088.npy,d:\mangan ai\data\training\patches\patch_MN_BG_0088.npy,0,20_79,validation
MN_BG_0089,patch_MN_BG_0089.npy,d:\mangan ai\data\training\patches\patch_MN_BG_0089.npy,0,21_80,validation
MN_BG_0090,patch_MN_BG_0090.npy,d:\mangan ai\data\training\patches\patch_MN_BG_0090.npy,0,21_80,validation
MN_BG_0091,patch_MN_BG_0091.npy,d:\mangan ai\data\training\patches\patch_MN_BG_0091.npy,0,19_84,test
MN_BG_0092,patch_MN_BG_0092.npy,d:\mangan ai\data\training\patches\patch_MN_BG_0092.npy,0,22_79,train
MN_BG_0093,patch_MN_BG_0093.npy,d:\mangan ai\data\training\patches\patch_MN_BG_0093.npy,0,20_82,train
MN_BG_0094,patch_MN_BG_0094.npy,d:\mangan ai\data\training\patches\patch_MN_BG_0094.npy,0,21_84,train
MN_BG_0095,patch_MN_BG_0095.npy,d:\mangan ai\data\training\patches\patch_MN_BG_0095.npy,0,16_75,train
MN_BG_0096,patch_MN_BG_0096.npy,d:\mangan ai\data\training\patches\patch_MN_BG_0096.npy,0,22_79,train
MN_BG_0097,patch_MN_BG_0097.npy,d:\mangan ai\data\training\patches\patch_MN_BG_0097.npy,0,21_80,validation
MN_BG_0098,patch_MN_BG_0098.npy,d:\mangan ai\data\training\patches\patch_MN_BG_0098.npy,0,20_79,validation
MN_BG_0099,patch_MN_BG_0099.npy,d:\mangan ai\data\training\patches\patch_MN_BG_0099.npy,0,18_83,validation
MN_BG_0100,patch_MN_BG_0100.npy,d:\mangan ai\data\training\patches\patch_MN_BG_0100.npy,0,18_83,validation
MN_BG_0101,patch_MN_BG_0101.npy,d:\mangan ai\data\training\patches\patch_MN_BG_0101.npy,0,18_85,train
MN_BG_0102,patch_MN_BG_0102.npy,d:\mangan ai\data\training\patches\patch_MN_BG_0102.npy,0,18_84,train
MN_BG_0103,patch_MN_BG_0103.npy,d:\mangan ai\data\training\patches\patch_MN_BG_0103.npy,0,18_86,train
MN_BG_0104,patch_MN_BG_0104.npy,d:\mangan ai\data\training\patches\patch_MN_BG_0104.npy,0,19_86,train
MN_BG_0105,patch_MN_BG_0105.npy,d:\mangan ai\data\training\patches\patch_MN_BG_0105.npy,0,21_80,validation
MN_BG_0106,patch_MN_BG_0106.npy,d:\mangan ai\data\training\patches\patch_MN_BG_0106.npy,0,18_83,validation
MN_BG_0107,patch_MN_BG_0107.npy,d:\mangan ai\data\training\patches\patch_MN_BG_0107.npy,0,16_74,test
MN_BG_0108,patch_MN_BG_0108.npy,d:\mangan ai\data\training\patches\patch_MN_BG_0108.npy,0,21_80,validation
MN_BG_0109,patch_MN_BG_0109.npy,d:\mangan ai\data\training\patches\patch_MN_BG_0109.npy,0,18_83,validation
MN_BG_0110,patch_MN_BG_0110.npy,d:\mangan ai\data\training\patches\patch_MN_BG_0110.npy,0,14_75,train
MN_BG_0111,patch_MN_BG_0111.npy,d:\mangan ai\data\training\patches\patch_MN_BG_0111.npy,0,18_84,train
MN_BG_0112,patch_MN_BG_0112.npy,d:\mangan ai\data\training\patches\patch_MN_BG_0112.npy,0,13_74,validation
MN_BG_0113,patch_MN_BG_0113.npy,d:\mangan ai\data\training\patches\patch_MN_BG_0113.npy,0,18_83,validation
MN_BG_0114,patch_MN_BG_0114.npy,d:\mangan ai\data\training\patches\patch_MN_BG_0114.npy,0,22_79,train
MN_BG_0115,patch_MN_BG_0115.npy,d:\mangan ai\data\training\patches\patch_MN_BG_0115.npy,0,21_79,train
MN_BG_0116,patch_MN_BG_0116.npy,d:\mangan ai\data\training\patches\patch_MN_BG_0116.npy,0,14_76,validation
MN_BG_0117,patch_MN_BG_0117.npy,d:\mangan ai\data\training\patches\patch_MN_BG_0117.npy,0,21_85,test
MN_BG_0118,patch_MN_BG_0118.npy,d:\mangan ai\data\training\patches\patch_MN_BG_0118.npy,0,21_79,train
MN_BG_0119,patch_MN_BG_0119.npy,d:\mangan ai\data\training\patches\patch_MN_BG_0119.npy,0,18_83,validation
MN_BG_0120,patch_MN_BG_0120.npy,d:\mangan ai\data\training\patches\patch_MN_BG_0120.npy,0,15_74,train
MN_BG_0121,patch_MN_BG_0121.npy,d:\mangan ai\data\training\patches\patch_MN_BG_0121.npy,0,18_83,validation
MN_BG_0122,patch_MN_BG_0122.npy,d:\mangan ai\data\training\patches\patch_MN_BG_0122.npy,0,22_80,train
MN_BG_0123,patch_MN_BG_0123.npy,d:\mangan ai\data\training\patches\patch_MN_BG_0123.npy,0,18_86,train
MN_BG_0124,patch_MN_BG_0124.npy,d:\mangan ai\data\training\patches\patch_MN_BG_0124.npy,0,21_78,train
MN_BG_0125,patch_MN_BG_0125.npy,d:\mangan ai\data\training\patches\patch_MN_BG_0125.npy,0,18_84,train
MN_BG_0126,patch_MN_BG_0126.npy,d:\mangan ai\data\training\patches\patch_MN_BG_0126.npy,0,22_78,test
MN_BG_0127,patch_MN_BG_0127.npy,d:\mangan ai\data\training\patches\patch_MN_BG_0127.npy,0,19_84,test
MN_BG_0128,patch_MN_BG_0128.npy,d:\mangan ai\data\training\patches\patch_MN_BG_0128.npy,0,21_80,validation
MN_BG_0129,patch_MN_BG_0129.npy,d:\mangan ai\data\training\patches\patch_MN_BG_0129.npy,0,20_83,test
MN_BG_0130,patch_MN_BG_0130.npy,d:\mangan ai\data\training\patches\patch_MN_BG_0130.npy,0,20_79,validation
MN_BG_0131,patch_MN_BG_0131.npy,d:\mangan ai\data\training\patches\patch_MN_BG_0131.npy,0,18_83,validation
MN_BG_0132,patch_MN_BG_0132.npy,d:\mangan ai\data\training\patches\patch_MN_BG_0132.npy,0,18_84,train
MN_BG_0133,patch_MN_BG_0133.npy,d:\mangan ai\data\training\patches\patch_MN_BG_0133.npy,0,21_79,train
MN_BG_0134,patch_MN_BG_0134.npy,d:\mangan ai\data\training\patches\patch_MN_BG_0134.npy,0,18_84,train
MN_BG_0135,patch_MN_BG_0135.npy,d:\mangan ai\data\training\patches\patch_MN_BG_0135.npy,0,18_83,validation
MN_BG_0136,patch_MN_BG_0136.npy,d:\mangan ai\data\training\patches\patch_MN_BG_0136.npy,0,22_79,train
MN_BG_0137,patch_MN_BG_0137.npy,d:\mangan ai\data\training\patches\patch_MN_BG_0137.npy,0,14_76,validation
MN_BG_0138,patch_MN_BG_0138.npy,d:\mangan ai\data\training\patches\patch_MN_BG_0138.npy,0,18_83,validation
MN_BG_0139,patch_MN_BG_0139.npy,d:\mangan ai\data\training\patches\patch_MN_BG_0139.npy,0,18_84,train
MN_BG_0140,patch_MN_BG_0140.npy,d:\mangan ai\data\training\patches\patch_MN_BG_0140.npy,0,18_83,validation
MN_BG_0141,patch_MN_BG_0141.npy,d:\mangan ai\data\training\patches\patch_MN_BG_0141.npy,0,14_76,validation
MN_BG_0142,patch_MN_BG_0142.npy,d:\mangan ai\data\training\patches\patch_MN_BG_0142.npy,0,22_79,train
MN_BG_0143,patch_MN_BG_0143.npy,d:\mangan ai\data\training\patches\patch_MN_BG_0143.npy,0,15_75,test
MN_BG_0144,patch_MN_BG_0144.npy,d:\mangan ai\data\training\patches\patch_MN_BG_0144.npy,0,13_75,train
MN_BG_0145,patch_MN_BG_0145.npy,d:\mangan ai\data\training\patches\patch_MN_BG_0145.npy,0,19_83,train
MN_BG_0146,patch_MN_BG_0146.npy,d:\mangan ai\data\training\patches\patch_MN_BG_0146.npy,0,15_75,test
MN_BG_0147,patch_MN_BG_0147.npy,d:\mangan ai\data\training\patches\patch_MN_BG_0147.npy,0,19_84,test
MN_BG_0148,patch_MN_BG_0148.npy,d:\mangan ai\data\training\patches\patch_MN_BG_0148.npy,0,14_76,validation
MN_BG_0149,patch_MN_BG_0149.npy,d:\mangan ai\data\training\patches\patch_MN_BG_0149.npy,0,18_84,train
MN_BG_0150,patch_MN_BG_0150.npy,d:\mangan ai\data\training\patches\patch_MN_BG_0150.npy,0,18_83,validation
MN_BG_0151,patch_MN_BG_0151.npy,d:\mangan ai\data\training\patches\patch_MN_BG_0151.npy,0,21_84,train
MN_BG_0152,patch_MN_BG_0152.npy,d:\mangan ai\data\training\patches\patch_MN_BG_0152.npy,0,15_75,test
MN_BG_0153,patch_MN_BG_0153.npy,d:\mangan ai\data\training\patches\patch_MN_BG_0153.npy,0,15_74,train
MN_BG_0154,patch_MN_BG_0154.npy,d:\mangan ai\data\training\patches\patch_MN_BG_0154.npy,0,14_75,train
MN_BG_0155,patch_MN_BG_0155.npy,d:\mangan ai\data\training\patches\patch_MN_BG_0155.npy,0,22_79,train
MN_BG_0156,patch_MN_BG_0156.npy,d:\mangan ai\data\training\patches\patch_MN_BG_0156.npy,0,14_75,train
MN_BG_0157,patch_MN_BG_0157.npy,d:\mangan ai\data\training\patches\patch_MN_BG_0157.npy,0,14_77,train
MN_BG_0158,patch_MN_BG_0158.npy,d:\mangan ai\data\training\patches\patch_MN_BG_0158.npy,0,21_85,test
MN_BG_0159,patch_MN_BG_0159.npy,d:\mangan ai\data\training\patches\patch_MN_BG_0159.npy,0,14_75,train
MN_BG_0160,patch_MN_BG_0160.npy,d:\mangan ai\data\training\patches\patch_MN_BG_0160.npy,0,21_79,train
MN_BG_0161,patch_MN_BG_0161.npy,d:\mangan ai\data\training\patches\patch_MN_BG_0161.npy,0,21_80,validation
MN_BG_0162,patch_MN_BG_0162.npy,d:\mangan ai\data\training\patches\patch_MN_BG_0162.npy,0,18_84,train
MN_BG_0163,patch_MN_BG_0163.npy,d:\mangan ai\data\training\patches\patch_MN_BG_0163.npy,0,21_83,train
MN_BG_0164,patch_MN_BG_0164.npy,d:\mangan ai\data\training\patches\patch_MN_BG_0164.npy,0,21_85,test
MN_BG_0165,patch_MN_BG_0165.npy,d:\mangan ai\data\training\patches\patch_MN_BG_0165.npy,0,18_83,validation
MN_BG_0166,patch_MN_BG_0166.npy,d:\mangan ai\data\training\patches\patch_MN_BG_0166.npy,0,15_75,test
MN_BG_0167,patch_MN_BG_0167.npy,d:\mangan ai\data\training\patches\patch_MN_BG_0167.npy,0,18_84,train
MN_BG_0168,patch_MN_BG_0168.npy,d:\mangan ai\data\training\patches\patch_MN_BG_0168.npy,0,22_84,train
MN_BG_0169,patch_MN_BG_0169.npy,d:\mangan ai\data\training\patches\patch_MN_BG_0169.npy,0,21_84,train
MN_BG_0170,patch_MN_BG_0170.npy,d:\mangan ai\data\training\patches\patch_MN_BG_0170.npy,0,19_84,test
MN_BG_0171,patch_MN_BG_0171.npy,d:\mangan ai\data\training\patches\patch_MN_BG_0171.npy,0,21_78,train
MN_BG_0172,patch_MN_BG_0172.npy,d:\mangan ai\data\training\patches\patch_MN_BG_0172.npy,0,15_74,train
MN_BG_0173,patch_MN_BG_0173.npy,d:\mangan ai\data\training\patches\patch_MN_BG_0173.npy,0,22_79,train
MN_BG_0174,patch_MN_BG_0174.npy,d:\mangan ai\data\training\patches\patch_MN_BG_0174.npy,0,13_76,train
MN_BG_0175,patch_MN_BG_0175.npy,d:\mangan ai\data\training\patches\patch_MN_BG_0175.npy,0,18_84,train
MN_BG_0176,patch_MN_BG_0176.npy,d:\mangan ai\data\training\patches\patch_MN_BG_0176.npy,0,20_85,train
MN_BG_0177,patch_MN_BG_0177.npy,d:\mangan ai\data\training\patches\patch_MN_BG_0177.npy,0,15_75,test
MN_BG_0178,patch_MN_BG_0178.npy,d:\mangan ai\data\training\patches\patch_MN_BG_0178.npy,0,18_84,train
MN_BG_0179,patch_MN_BG_0179.npy,d:\mangan ai\data\training\patches\patch_MN_BG_0179.npy,0,20_83,test
MN_BG_0180,patch_MN_BG_0180.npy,d:\mangan ai\data\training\patches\patch_MN_BG_0180.npy,0,18_84,train
MN_BG_0181,patch_MN_BG_0181.npy,d:\mangan ai\data\training\patches\patch_MN_BG_0181.npy,0,18_83,validation
MN_BG_0182,patch_MN_BG_0182.npy,d:\mangan ai\data\training\patches\patch_MN_BG_0182.npy,0,15_77,train
MN_BG_0183,patch_MN_BG_0183.npy,d:\mangan ai\data\training\patches\patch_MN_BG_0183.npy,0,21_79,train
MN_BG_0184,patch_MN_BG_0184.npy,d:\mangan ai\data\training\patches\patch_MN_BG_0184.npy,0,18_82,train
MN_BG_0185,patch_MN_BG_0185.npy,d:\mangan ai\data\training\patches\patch_MN_BG_0185.npy,0,18_84,train
MN_BG_0186,patch_MN_BG_0186.npy,d:\mangan ai\data\training\patches\patch_MN_BG_0186.npy,0,14_74,train
MN_BG_0187,patch_MN_BG_0187.npy,d:\mangan ai\data\training\patches\patch_MN_BG_0187.npy,0,14_77,train
MN_BG_0188,patch_MN_BG_0188.npy,d:\mangan ai\data\training\patches\patch_MN_BG_0188.npy,0,21_80,validation
MN_BG_0189,patch_MN_BG_0189.npy,d:\mangan ai\data\training\patches\patch_MN_BG_0189.npy,0,18_83,validation
MN_BG_0190,patch_MN_BG_0190.npy,d:\mangan ai\data\training\patches\patch_MN_BG_0190.npy,0,21_79,train
MN_BG_0191,patch_MN_BG_0191.npy,d:\mangan ai\data\training\patches\patch_MN_BG_0191.npy,0,21_78,train
MN_BG_0192,patch_MN_BG_0192.npy,d:\mangan ai\data\training\patches\patch_MN_BG_0192.npy,0,21_79,train
MN_BG_0193,patch_MN_BG_0193.npy,d:\mangan ai\data\training\patches\patch_MN_BG_0193.npy,0,14_74,train
MN_BG_0194,patch_MN_BG_0194.npy,d:\mangan ai\data\training\patches\patch_MN_BG_0194.npy,0,21_85,test
MN_BG_0195,patch_MN_BG_0195.npy,d:\mangan ai\data\training\patches\patch_MN_BG_0195.npy,0,15_76,test
MN_BG_0196,patch_MN_BG_0196.npy,d:\mangan ai\data\training\patches\patch_MN_BG_0196.npy,0,18_84,train
MN_BG_0197,patch_MN_BG_0197.npy,d:\mangan ai\data\training\patches\patch_MN_BG_0197.npy,0,14_75,train
MN_BG_0198,patch_MN_BG_0198.npy,d:\mangan ai\data\training\patches\patch_MN_BG_0198.npy,0,18_85,train
MN_BG_0199,patch_MN_BG_0199.npy,d:\mangan ai\data\training\patches\patch_MN_BG_0199.npy,0,19_83,train
MN_BG_0200,patch_MN_BG_0200.npy,d:\mangan ai\data\training\patches\patch_MN_BG_0200.npy,0,18_83,validation
MN_BG_0201,patch_MN_BG_0201.npy,d:\mangan ai\data\training\patches\patch_MN_BG_0201.npy,0,21_79,train
MN_BG_0202,patch_MN_BG_0202.npy,d:\mangan ai\data\training\patches\patch_MN_BG_0202.npy,0,20_84,test
MN_BG_0203,patch_MN_BG_0203.npy,d:\mangan ai\data\training\patches\patch_MN_BG_0203.npy,0,14_75,train
MN_BG_0204,patch_MN_BG_0204.npy,d:\mangan ai\data\training\patches\patch_MN_BG_0204.npy,0,18_84,train
MN_BG_0205,patch_MN_BG_0205.npy,d:\mangan ai\data\training\patches\patch_MN_BG_0205.npy,0,19_83,train
MN_BG_0206,patch_MN_BG_0206.npy,d:\mangan ai\data\training\patches\patch_MN_BG_0206.npy,0,18_83,validation
MN_BG_0207,patch_MN_BG_0207.npy,d:\mangan ai\data\training\patches\patch_MN_BG_0207.npy,0,15_76,test
MN_BG_0208,patch_MN_BG_0208.npy,d:\mangan ai\data\training\patches\patch_MN_BG_0208.npy,0,22_79,train
MN_BG_0209,patch_MN_BG_0209.npy,d:\mangan ai\data\training\patches\patch_MN_BG_0209.npy,0,21_80,validation
MN_BG_0210,patch_MN_BG_0210.npy,d:\mangan ai\data\training\patches\patch_MN_BG_0210.npy,0,15_75,test
MN_BG_0211,patch_MN_BG_0211.npy,d:\mangan ai\data\training\patches\patch_MN_BG_0211.npy,0,19_84,test
MN_BG_0212,patch_MN_BG_0212.npy,d:\mangan ai\data\training\patches\patch_MN_BG_0212.npy,0,19_84,test
MN_BG_0213,patch_MN_BG_0213.npy,d:\mangan ai\data\training\patches\patch_MN_BG_0213.npy,0,16_75,train
MN_BG_0214,patch_MN_BG_0214.npy,d:\mangan ai\data\training\patches\patch_MN_BG_0214.npy,0,14_75,train
MN_BG_0215,patch_MN_BG_0215.npy,d:\mangan ai\data\training\patches\patch_MN_BG_0215.npy,0,18_85,train
MN_BG_0216,patch_MN_BG_0216.npy,d:\mangan ai\data\training\patches\patch_MN_BG_0216.npy,0,18_84,train
MN_BG_0217,patch_MN_BG_0217.npy,d:\mangan ai\data\training\patches\patch_MN_BG_0217.npy,0,18_83,validation
MN_BG_0218,patch_MN_BG_0218.npy,d:\mangan ai\data\training\patches\patch_MN_BG_0218.npy,0,15_77,train
MN_BG_0219,patch_MN_BG_0219.npy,d:\mangan ai\data\training\patches\patch_MN_BG_0219.npy,0,21_78,train
MN_BG_0220,patch_MN_BG_0220.npy,d:\mangan ai\data\training\patches\patch_MN_BG_0220.npy,0,18_86,train
MN_BG_0221,patch_MN_BG_0221.npy,d:\mangan ai\data\training\patches\patch_MN_BG_0221.npy,0,21_78,train
MN_BG_0222,patch_MN_BG_0222.npy,d:\mangan ai\data\training\patches\patch_MN_BG_0222.npy,0,13_74,validation
MN_BG_0223,patch_MN_BG_0223.npy,d:\mangan ai\data\training\patches\patch_MN_BG_0223.npy,0,20_80,train
MN_BG_0224,patch_MN_BG_0224.npy,d:\mangan ai\data\training\patches\patch_MN_BG_0224.npy,0,21_80,validation
MN_BG_0225,patch_MN_BG_0225.npy,d:\mangan ai\data\training\patches\patch_MN_BG_0225.npy,0,15_75,test
MN_BG_0226,patch_MN_BG_0226.npy,d:\mangan ai\data\training\patches\patch_MN_BG_0226.npy,0,19_83,train
MN_BG_0227,patch_MN_BG_0227.npy,d:\mangan ai\data\training\patches\patch_MN_BG_0227.npy,0,21_85,test
MN_BG_0228,patch_MN_BG_0228.npy,d:\mangan ai\data\training\patches\patch_MN_BG_0228.npy,0,22_78,test
MN_BG_0229,patch_MN_BG_0229.npy,d:\mangan ai\data\training\patches\patch_MN_BG_0229.npy,0,18_86,train
MN_BG_0230,patch_MN_BG_0230.npy,d:\mangan ai\data\training\patches\patch_MN_BG_0230.npy,0,19_84,test
MN_BG_0231,patch_MN_BG_0231.npy,d:\mangan ai\data\training\patches\patch_MN_BG_0231.npy,0,18_84,train
MN_BG_0232,patch_MN_BG_0232.npy,d:\mangan ai\data\training\patches\patch_MN_BG_0232.npy,0,16_77,train
MN_BG_0233,patch_MN_BG_0233.npy,d:\mangan ai\data\training\patches\patch_MN_BG_0233.npy,0,22_79,train
MN_BG_0234,patch_MN_BG_0234.npy,d:\mangan ai\data\training\patches\patch_MN_BG_0234.npy,0,14_74,train
MN_BG_0235,patch_MN_BG_0235.npy,d:\mangan ai\data\training\patches\patch_MN_BG_0235.npy,0,18_84,train
MN_BG_0236,patch_MN_BG_0236.npy,d:\mangan ai\data\training\patches\patch_MN_BG_0236.npy,0,18_83,validation
MN_BG_0237,patch_MN_BG_0237.npy,d:\mangan ai\data\training\patches\patch_MN_BG_0237.npy,0,18_84,train
MN_BG_0238,patch_MN_BG_0238.npy,d:\mangan ai\data\training\patches\patch_MN_BG_0238.npy,0,18_85,train
MN_BG_0239,patch_MN_BG_0239.npy,d:\mangan ai\data\training\patches\patch_MN_BG_0239.npy,0,21_78,train
MN_BG_0240,patch_MN_BG_0240.npy,d:\mangan ai\data\training\patches\patch_MN_BG_0240.npy,0,21_80,validation
MN_BG_0241,patch_MN_BG_0241.npy,d:\mangan ai\data\training\patches\patch_MN_BG_0241.npy,0,18_83,validation
MN_BG_0242,patch_MN_BG_0242.npy,d:\mangan ai\data\training\patches\patch_MN_BG_0242.npy,0,18_84,train
MN_BG_0243,patch_MN_BG_0243.npy,d:\mangan ai\data\training\patches\patch_MN_BG_0243.npy,0,21_78,train
MN_BG_0244,patch_MN_BG_0244.npy,d:\mangan ai\data\training\patches\patch_MN_BG_0244.npy,0,18_84,train
MN_BG_0245,patch_MN_BG_0245.npy,d:\mangan ai\data\training\patches\patch_MN_BG_0245.npy,0,18_83,validation
MN_BG_0246,patch_MN_BG_0246.npy,d:\mangan ai\data\training\patches\patch_MN_BG_0246.npy,0,21_83,train
MN_BG_0247,patch_MN_BG_0247.npy,d:\mangan ai\data\training\patches\patch_MN_BG_0247.npy,0,21_79,train
MN_BG_0248,patch_MN_BG_0248.npy,d:\mangan ai\data\training\patches\patch_MN_BG_0248.npy,0,15_74,train
MN_BG_0249,patch_MN_BG_0249.npy,d:\mangan ai\data\training\patches\patch_MN_BG_0249.npy,0,20_83,test
MN_BG_0250,patch_MN_BG_0250.npy,d:\mangan ai\data\training\patches\patch_MN_BG_0250.npy,0,18_83,validation
MN_BG_0251,patch_MN_BG_0251.npy,d:\mangan ai\data\training\patches\patch_MN_BG_0251.npy,0,18_83,validation
MN_BG_0252,patch_MN_BG_0252.npy,d:\mangan ai\data\training\patches\patch_MN_BG_0252.npy,0,18_83,validation
MN_BG_0253,patch_MN_BG_0253.npy,d:\mangan ai\data\training\patches\patch_MN_BG_0253.npy,0,18_82,train
MN_BG_0254,patch_MN_BG_0254.npy,d:\mangan ai\data\training\patches\patch_MN_BG_0254.npy,0,16_74,test
MN_BG_0255,patch_MN_BG_0255.npy,d:\mangan ai\data\training\patches\patch_MN_BG_0255.npy,0,20_85,train
MN_BG_0256,patch_MN_BG_0256.npy,d:\mangan ai\data\training\patches\patch_MN_BG_0256.npy,0,19_84,test
MN_BG_0257,patch_MN_BG_0257.npy,d:\mangan ai\data\training\patches\patch_MN_BG_0257.npy,0,21_80,validation
MN_BG_0258,patch_MN_BG_0258.npy,d:\mangan ai\data\training\patches\patch_MN_BG_0258.npy,0,18_83,validation
MN_BG_0259,patch_MN_BG_0259.npy,d:\mangan ai\data\training\patches\patch_MN_BG_0259.npy,0,19_83,train
MN_BG_0260,patch_MN_BG_0260.npy,d:\mangan ai\data\training\patches\patch_MN_BG_0260.npy,0,18_83,validation
MN_BG_0261,patch_MN_BG_0261.npy,d:\mangan ai\data\training\patches\patch_MN_BG_0261.npy,0,18_83,validation
MN_BG_0262,patch_MN_BG_0262.npy,d:\mangan ai\data\training\patches\patch_MN_BG_0262.npy,0,15_76,test
MN_BG_0263,patch_MN_BG_0263.npy,d:\mangan ai\data\training\patches\patch_MN_BG_0263.npy,0,14_76,validation
MN_BG_0264,patch_MN_BG_0264.npy,d:\mangan ai\data\training\patches\patch_MN_BG_0264.npy,0,18_84,train
MN_BG_0265,patch_MN_BG_0265.npy,d:\mangan ai\data\training\patches\patch_MN_BG_0265.npy,0,14_75,train
MN_BG_0266,patch_MN_BG_0266.npy,d:\mangan ai\data\training\patches\patch_MN_BG_0266.npy,0,18_83,validation
MN_BG_0267,patch_MN_BG_0267.npy,d:\mangan ai\data\training\patches\patch_MN_BG_0267.npy,0,18_83,validation
MN_BG_0268,patch_MN_BG_0268.npy,d:\mangan ai\data\training\patches\patch_MN_BG_0268.npy,0,18_84,train
MN_BG_0269,patch_MN_BG_0269.npy,d:\mangan ai\data\training\patches\patch_MN_BG_0269.npy,0,20_79,validation
MN_BG_0270,patch_MN_BG_0270.npy,d:\mangan ai\data\training\patches\patch_MN_BG_0270.npy,0,21_80,validation
MN_BG_0271,patch_MN_BG_0271.npy,d:\mangan ai\data\training\patches\patch_MN_BG_0271.npy,0,15_75,test
MN_BG_0272,patch_MN_BG_0272.npy,d:\mangan ai\data\training\patches\patch_MN_BG_0272.npy,0,16_75,train
MN_BG_0273,patch_MN_BG_0273.npy,d:\mangan ai\data\training\patches\patch_MN_BG_0273.npy,0,14_74,train
MN_BG_0274,patch_MN_BG_0274.npy,d:\mangan ai\data\training\patches\patch_MN_BG_0274.npy,0,18_84,train
MN_BG_0275,patch_MN_BG_0275.npy,d:\mangan ai\data\training\patches\patch_MN_BG_0275.npy,0,18_83,validation
MN_BG_0276,patch_MN_BG_0276.npy,d:\mangan ai\data\training\patches\patch_MN_BG_0276.npy,0,18_83,validation
MN_BG_0277,patch_MN_BG_0277.npy,d:\mangan ai\data\training\patches\patch_MN_BG_0277.npy,0,18_83,validation
MN_BG_0278,patch_MN_BG_0278.npy,d:\mangan ai\data\training\patches\patch_MN_BG_0278.npy,0,16_74,test
MN_BG_0279,patch_MN_BG_0279.npy,d:\mangan ai\data\training\patches\patch_MN_BG_0279.npy,0,18_83,validation
MN_BG_0280,patch_MN_BG_0280.npy,d:\mangan ai\data\training\patches\patch_MN_BG_0280.npy,0,20_84,test
MN_BG_0281,patch_MN_BG_0281.npy,d:\mangan ai\data\training\patches\patch_MN_BG_0281.npy,0,18_83,validation
MN_BG_0282,patch_MN_BG_0282.npy,d:\mangan ai\data\training\patches\patch_MN_BG_0282.npy,0,15_75,test
MN_BG_0283,patch_MN_BG_0283.npy,d:\mangan ai\data\training\patches\patch_MN_BG_0283.npy,0,22_79,train
MN_BG_0284,patch_MN_BG_0284.npy,d:\mangan ai\data\training\patches\patch_MN_BG_0284.npy,0,21_82,test
MN_BG_0285,patch_MN_BG_0285.npy,d:\mangan ai\data\training\patches\patch_MN_BG_0285.npy,0,19_84,test
MN_BG_0286,patch_MN_BG_0286.npy,d:\mangan ai\data\training\patches\patch_MN_BG_0286.npy,0,14_75,train
MN_BG_0287,patch_MN_BG_0287.npy,d:\mangan ai\data\training\patches\patch_MN_BG_0287.npy,0,21_84,train
MN_BG_0288,patch_MN_BG_0288.npy,d:\mangan ai\data\training\patches\patch_MN_BG_0288.npy,0,19_84,test
MN_BG_0289,patch_MN_BG_0289.npy,d:\mangan ai\data\training\patches\patch_MN_BG_0289.npy,0,21_86,train
MN_BG_0290,patch_MN_BG_0290.npy,d:\mangan ai\data\training\patches\patch_MN_BG_0290.npy,0,16_75,train
MN_BG_0291,patch_MN_BG_0291.npy,d:\mangan ai\data\training\patches\patch_MN_BG_0291.npy,0,13_74,validation
MN_BG_0292,patch_MN_BG_0292.npy,d:\mangan ai\data\training\patches\patch_MN_BG_0292.npy,0,15_74,train
MN_BG_0293,patch_MN_BG_0293.npy,d:\mangan ai\data\training\patches\patch_MN_BG_0293.npy,0,21_79,train
MN_BG_0294,patch_MN_BG_0294.npy,d:\mangan ai\data\training\patches\patch_MN_BG_0294.npy,0,15_75,test
MN_BG_0295,patch_MN_BG_0295.npy,d:\mangan ai\data\training\patches\patch_MN_BG_0295.npy,0,21_79,train
MN_BG_0296,patch_MN_BG_0296.npy,d:\mangan ai\data\training\patches\patch_MN_BG_0296.npy,0,20_80,train
MN_BG_0297,patch_MN_BG_0297.npy,d:\mangan ai\data\training\patches\patch_MN_BG_0297.npy,0,15_76,test
MN_BG_0298,patch_MN_BG_0298.npy,d:\mangan ai\data\training\patches\patch_MN_BG_0298.npy,0,22_78,test
MN_BG_0299,patch_MN_BG_0299.npy,d:\mangan ai\data\training\patches\patch_MN_BG_0299.npy,0,21_78,train
MN_BG_0300,patch_MN_BG_0300.npy,d:\mangan ai\data\training\patches\patch_MN_BG_0300.npy,0,15_75,test
MN_BG_0301,patch_MN_BG_0301.npy,d:\mangan ai\data\training\patches\patch_MN_BG_0301.npy,0,18_86,train
MN_BG_0302,patch_MN_BG_0302.npy,d:\mangan ai\data\training\patches\patch_MN_BG_0302.npy,0,21_86,train
MN_BG_0303,patch_MN_BG_0303.npy,d:\mangan ai\data\training\patches\patch_MN_BG_0303.npy,0,20_79,validation
MN_BG_0304,patch_MN_BG_0304.npy,d:\mangan ai\data\training\patches\patch_MN_BG_0304.npy,0,14_75,train
MN_BG_0305,patch_MN_BG_0305.npy,d:\mangan ai\data\training\patches\patch_MN_BG_0305.npy,0,19_84,test
MN_BG_0306,patch_MN_BG_0306.npy,d:\mangan ai\data\training\patches\patch_MN_BG_0306.npy,0,13_76,train
MN_BG_0307,patch_MN_BG_0307.npy,d:\mangan ai\data\training\patches\patch_MN_BG_0307.npy,0,18_86,train
MN_BG_0308,patch_MN_BG_0308.npy,d:\mangan ai\data\training\patches\patch_MN_BG_0308.npy,0,19_84,test
MN_BG_0309,patch_MN_BG_0309.npy,d:\mangan ai\data\training\patches\patch_MN_BG_0309.npy,0,22_79,train
MN_BG_0310,patch_MN_BG_0310.npy,d:\mangan ai\data\training\patches\patch_MN_BG_0310.npy,0,19_84,test
MN_BG_0311,patch_MN_BG_0311.npy,d:\mangan ai\data\training\patches\patch_MN_BG_0311.npy,0,19_82,train
MN_BG_0312,patch_MN_BG_0312.npy,d:\mangan ai\data\training\patches\patch_MN_BG_0312.npy,0,19_83,train
MN_BG_0313,patch_MN_BG_0313.npy,d:\mangan ai\data\training\patches\patch_MN_BG_0313.npy,0,21_78,train
MN_BG_0314,patch_MN_BG_0314.npy,d:\mangan ai\data\training\patches\patch_MN_BG_0314.npy,0,20_83,test
MN_BG_0315,patch_MN_BG_0315.npy,d:\mangan ai\data\training\patches\patch_MN_BG_0315.npy,0,20_80,train
MN_BG_0316,patch_MN_BG_0316.npy,d:\mangan ai\data\training\patches\patch_MN_BG_0316.npy,0,21_85,test
MN_BG_0317,patch_MN_BG_0317.npy,d:\mangan ai\data\training\patches\patch_MN_BG_0317.npy,0,21_79,train
MN_BG_0318,patch_MN_BG_0318.npy,d:\mangan ai\data\training\patches\patch_MN_BG_0318.npy,0,20_85,train
MN_BG_0319,patch_MN_BG_0319.npy,d:\mangan ai\data\training\patches\patch_MN_BG_0319.npy,0,18_82,train
MN_BG_0320,patch_MN_BG_0320.npy,d:\mangan ai\data\training\patches\patch_MN_BG_0320.npy,0,18_83,validation
MN_BG_0321,patch_MN_BG_0321.npy,d:\mangan ai\data\training\patches\patch_MN_BG_0321.npy,0,14_75,train
MN_BG_0322,patch_MN_BG_0322.npy,d:\mangan ai\data\training\patches\patch_MN_BG_0322.npy,0,21_79,train
MN_BG_0323,patch_MN_BG_0323.npy,d:\mangan ai\data\training\patches\patch_MN_BG_0323.npy,0,18_83,validation
MN_BG_0324,patch_MN_BG_0324.npy,d:\mangan ai\data\training\patches\patch_MN_BG_0324.npy,0,22_83,train
MN_BG_0325,patch_MN_BG_0325.npy,d:\mangan ai\data\training\patches\patch_MN_BG_0325.npy,0,22_84,train
MN_BG_0326,patch_MN_BG_0326.npy,d:\mangan ai\data\training\patches\patch_MN_BG_0326.npy,0,15_76,test
MN_BG_0327,patch_MN_BG_0327.npy,d:\mangan ai\data\training\patches\patch_MN_BG_0327.npy,0,21_79,train
MN_BG_0328,patch_MN_BG_0328.npy,d:\mangan ai\data\training\patches\patch_MN_BG_0328.npy,0,22_78,test
MN_BG_0329,patch_MN_BG_0329.npy,d:\mangan ai\data\training\patches\patch_MN_BG_0329.npy,0,15_76,test
MN_BG_0330,patch_MN_BG_0330.npy,d:\mangan ai\data\training\patches\patch_MN_BG_0330.npy,0,18_84,train
MN_BG_0331,patch_MN_BG_0331.npy,d:\mangan ai\data\training\patches\patch_MN_BG_0331.npy,0,19_86,train
MN_BG_0332,patch_MN_BG_0332.npy,d:\mangan ai\data\training\patches\patch_MN_BG_0332.npy,0,13_76,train
MN_BG_0333,patch_MN_BG_0333.npy,d:\mangan ai\data\training\patches\patch_MN_BG_0333.npy,0,19_83,train
MN_BG_0334,patch_MN_BG_0334.npy,d:\mangan ai\data\training\patches\patch_MN_BG_0334.npy,0,20_83,test
MN_BG_0335,patch_MN_BG_0335.npy,d:\mangan ai\data\training\patches\patch_MN_BG_0335.npy,0,21_80,validation
MN_BG_0336,patch_MN_BG_0336.npy,d:\mangan ai\data\training\patches\patch_MN_BG_0336.npy,0,18_83,validation
MN_BG_0337,patch_MN_BG_0337.npy,d:\mangan ai\data\training\patches\patch_MN_BG_0337.npy,0,14_76,validation
MN_BG_0338,patch_MN_BG_0338.npy,d:\mangan ai\data\training\patches\patch_MN_BG_0338.npy,0,18_84,train
MN_BG_0339,patch_MN_BG_0339.npy,d:\mangan ai\data\training\patches\patch_MN_BG_0339.npy,0,13_74,validation
MN_BG_0340,patch_MN_BG_0340.npy,d:\mangan ai\data\training\patches\patch_MN_BG_0340.npy,0,15_75,test
MN_BG_0341,patch_MN_BG_0341.npy,d:\mangan ai\data\training\patches\patch_MN_BG_0341.npy,0,20_78,train
MN_BG_0342,patch_MN_BG_0342.npy,d:\mangan ai\data\training\patches\patch_MN_BG_0342.npy,0,14_75,train
MN_BG_0343,patch_MN_BG_0343.npy,d:\mangan ai\data\training\patches\patch_MN_BG_0343.npy,0,18_83,validation
MN_BG_0344,patch_MN_BG_0344.npy,d:\mangan ai\data\training\patches\patch_MN_BG_0344.npy,0,20_85,train
MN_BG_0345,patch_MN_BG_0345.npy,d:\mangan ai\data\training\patches\patch_MN_BG_0345.npy,0,20_83,test
MN_BG_0346,patch_MN_BG_0346.npy,d:\mangan ai\data\training\patches\patch_MN_BG_0346.npy,0,15_74,train
MN_BG_0347,patch_MN_BG_0347.npy,d:\mangan ai\data\training\patches\patch_MN_BG_0347.npy,0,19_86,train
MN_BG_0348,patch_MN_BG_0348.npy,d:\mangan ai\data\training\patches\patch_MN_BG_0348.npy,0,18_84,train
MN_BG_0349,patch_MN_BG_0349.npy,d:\mangan ai\data\training\patches\patch_MN_BG_0349.npy,0,19_84,test
MN_BG_0350,patch_MN_BG_0350.npy,d:\mangan ai\data\training\patches\patch_MN_BG_0350.npy,0,22_79,train
MN_BG_0351,patch_MN_BG_0351.npy,d:\mangan ai\data\training\patches\patch_MN_BG_0351.npy,0,18_85,train
MN_BG_0352,patch_MN_BG_0352.npy,d:\mangan ai\data\training\patches\patch_MN_BG_0352.npy,0,20_83,test
MN_BG_0353,patch_MN_BG_0353.npy,d:\mangan ai\data\training\patches\patch_MN_BG_0353.npy,0,21_78,train
MN_BG_0354,patch_MN_BG_0354.npy,d:\mangan ai\data\training\patches\patch_MN_BG_0354.npy,0,20_84,test
MN_BG_0355,patch_MN_BG_0355.npy,d:\mangan ai\data\training\patches\patch_MN_BG_0355.npy,0,21_84,train
MN_BG_0356,patch_MN_BG_0356.npy,d:\mangan ai\data\training\patches\patch_MN_BG_0356.npy,0,15_74,train
MN_BG_0357,patch_MN_BG_0357.npy,d:\mangan ai\data\training\patches\patch_MN_BG_0357.npy,0,15_75,test
MN_BG_0358,patch_MN_BG_0358.npy,d:\mangan ai\data\training\patches\patch_MN_BG_0358.npy,0,18_84,train
MN_BG_0359,patch_MN_BG_0359.npy,d:\mangan ai\data\training\patches\patch_MN_BG_0359.npy,0,15_74,train
MN_BG_0360,patch_MN_BG_0360.npy,d:\mangan ai\data\training\patches\patch_MN_BG_0360.npy,0,18_84,train
MN_BG_0361,patch_MN_BG_0361.npy,d:\mangan ai\data\training\patches\patch_MN_BG_0361.npy,0,18_83,validation
MN_BG_0362,patch_MN_BG_0362.npy,d:\mangan ai\data\training\patches\patch_MN_BG_0362.npy,0,19_85,train
MN_BG_0363,patch_MN_BG_0363.npy,d:\mangan ai\data\training\patches\patch_MN_BG_0363.npy,0,21_80,validation
MN_BG_0364,patch_MN_BG_0364.npy,d:\mangan ai\data\training\patches\patch_MN_BG_0364.npy,0,21_78,train
MN_BG_0365,patch_MN_BG_0365.npy,d:\mangan ai\data\training\patches\patch_MN_BG_0365.npy,0,16_75,train
MN_BG_0366,patch_MN_BG_0366.npy,d:\mangan ai\data\training\patches\patch_MN_BG_0366.npy,0,22_79,train
MN_BG_0367,patch_MN_BG_0367.npy,d:\mangan ai\data\training\patches\patch_MN_BG_0367.npy,0,21_80,validation
MN_BG_0368,patch_MN_BG_0368.npy,d:\mangan ai\data\training\patches\patch_MN_BG_0368.npy,0,21_83,train
MN_BG_0369,patch_MN_BG_0369.npy,d:\mangan ai\data\training\patches\patch_MN_BG_0369.npy,0,21_79,train
MN_BG_0370,patch_MN_BG_0370.npy,d:\mangan ai\data\training\patches\patch_MN_BG_0370.npy,0,22_79,train
MN_BG_0371,patch_MN_BG_0371.npy,d:\mangan ai\data\training\patches\patch_MN_BG_0371.npy,0,18_84,train
MN_BG_0372,patch_MN_BG_0372.npy,d:\mangan ai\data\training\patches\patch_MN_BG_0372.npy,0,18_84,train
