dataset_id,dataset_name,filename,relative_path,file_format,file_size,record_count,column_count,sheet_names,geometry_type,crs,epsg,bounding_box,spatial_resolution,temporal_range,india_coverage,manganese_relevance,dataset_role,publisher,source_information,license_information,missing_value_percentage,duplicate_count,coordinate_columns,data_quality_status,file_validity_status,join_candidates,recommended_use,priority,validation_notes
DS_001,India Manganese Belts Spatial Boundaries,manganese_belts_india.geojson,data/bounds/manganese_belts_india.geojson,GEOJSON,3.31 KB,4,0,,Polygon,EPSG:4326 (OGC:1.3:CRS84),4326,"[74.2, 13.5, 86.8, 22.4]",N/A,N/A,India-specific,HIGH,Validation / Supplementary,Generated Project Spatial Boundary,Unknown,Project Internal,0.0,0,None,PASSED,VALID,"Sentinel-2 STAC API, Bhoonidhi CLI, GEE SRTM DEM","Spatial mask AOI for satellite scene queries (Sentinel-2, Bhoonidhi, SRTM)",P0,"4 validated bounding polygons for Odisha, MP-MH, Karnataka, and AP belts"
DS_002,IBM Indian Minerals Yearbook Grade-wise Production Statistics,ibm_manganese_production_gradewise.csv,data/processed/ibm_manganese_production_gradewise.csv,CSV,0.36 KB,5,9,,None,None,None,None,N/A,N/A,India-specific,HIGH,Mining / Production,Indian Bureau of Mines (IBM),IBM Monthly Statistics of Mineral Production,Government Open Data (OGD India),0.0,0,None,PASSED,VALID,"IBM Reserves, USGS World Manganese Stats",Supply-demand forecasting model target input for grade shortfall modeling,P0,"State-wise mine counts and grade breakdowns (>=46% Mn, 35-46%, etc.)"
DS_003,IBM Indian Minerals Yearbook Manganese Reserves (NMI/UNFC),ibm_manganese_reserves_unfc.csv,data/processed/ibm_manganese_reserves_unfc.csv,CSV,0.60 KB,6,9,,None,None,None,None,N/A,N/A,India-specific,HIGH,Reserve / Resource,Indian Bureau of Mines (IBM),IBM Indian Minerals Yearbook 2024,Government Open Data (OGD India),0.0,0,None,PASSED,VALID,"IBM Production statistics, State/District boundaries",Ground-truth reserve benchmark by state/district for shortfall analysis,P0,"Official state-wise UNFC 111, 121, 211, and Inferred resource figures"
DS_004,USGS Hewett Collection Manganese Samples,usgs_hewett_manganese_samples.csv,data/processed/usgs_hewett_manganese_samples.csv,CSV,126.38 KB,743,25,,Point,EPSG:4326 (WGS84 assumed),4326,"[-147.5127, -42.0167, 143.9739, 65.0053]",N/A,N/A,Global,HIGH,Validation / Supplementary,USGS ScienceBase / D.F. Hewett,ScienceBase Item 679ba27ed34ea8c1837736c7,Public Domain (CC0 1.0),29.08,0,"Lat: Latitude, Lon: Longitude",PASSED,VALID,"Sentinel-2 (via spatial coordinates), GSI geology",Ground-truth physical sample verification & mineralogy feature mapping,P1,Clean 743 physical Mn samples with qualitative oxide estimates
DS_005,USGS Mineral Resources Data System (MRDS),usgs_mrds_manganese_global.csv,data/processed/usgs_mrds_manganese_global.csv,CSV,2.50 MB,10075,1,,Point,EPSG:4326 (WGS84 assumed),4326,"[nan, nan, nan, nan]",N/A,N/A,Global / Non-India,HIGH,Ground Truth / Known Manganese Occurrences,USGS MRData,https://mrdata.usgs.gov/mrds/rdbms-tab.zip,Public Domain,0.0,0,"Lat: i_x,dep_id,name,dev_stat,url,code_list,longitude,latitude,i_y,line,commod,code,commod_tp,commod_group,import,inserted_by,insert_date,updated_by,update_date,fips,quad,huc, Lon: i_x,dep_id,name,dev_stat,url,code_list,longitude,latitude,i_y,line,commod,code,commod_tp,commod_group,import,inserted_by,insert_date,updated_by,update_date,fips,quad,huc",PASSED,VALID,"Sentinel-2 L2A (spatial), SRTM DEM (spatial), GSI geology",Known deposit location points for prospectivity model training & spatial validation,P1,Extracted dataset with 10075 mineral records
DS_006,USGS Mineral Resources Data System (MRDS),usgs_mrds_manganese_india.csv,data/processed/usgs_mrds_manganese_india.csv,CSV,32.15 KB,138,1,,Point,EPSG:4326 (WGS84 assumed),4326,"[nan, nan, nan, nan]",N/A,N/A,India-specific,HIGH,Ground Truth / Known Manganese Occurrences,USGS MRData,https://mrdata.usgs.gov/mrds/rdbms-tab.zip,Public Domain,0.0,0,"Lat: i_x,dep_id,name,dev_stat,url,code_list,longitude,latitude,i_y,line,commod,code,commod_tp,commod_group,import,inserted_by,insert_date,updated_by,update_date,fips,quad,huc, Lon: i_x,dep_id,name,dev_stat,url,code_list,longitude,latitude,i_y,line,commod,code,commod_tp,commod_group,import,inserted_by,insert_date,updated_by,update_date,fips,quad,huc",PASSED,VALID,"Sentinel-2 L2A (spatial), SRTM DEM (spatial), GSI geology",Known deposit location points for prospectivity model training & spatial validation,P0,138 verified Indian manganese deposit sites
DS_007,USGS World Manganese Reserves & Mine Production Summary,usgs_world_manganese_reserves_production.csv,data/processed/usgs_world_manganese_reserves_production.csv,CSV,0.51 KB,9,5,,None,None,None,None,N/A,N/A,India + global,HIGH,Supply / Demand / Trade,USGS National Minerals Information Center,USGS Mineral Commodity Summaries 2024,Public Domain,0.0,0,None,PASSED,VALID,IBM Production statistics,Global manganese market context & India production shortfall baseline,P1,Global mine production (2022-2023) and reserves by major producing country
DS_008,USGS Hewett Collection Manganese Samples,Hewett_Manganese_Collection.csv,data/raw/usgs_hewett/Hewett_Manganese_Collection.csv,CSV,125.09 KB,743,25,,Point,EPSG:4326 (WGS84 assumed),4326,"[-147.5127, -42.0167, 143.9739, 65.0053]",N/A,N/A,Global,HIGH,Validation / Supplementary,USGS ScienceBase / D.F. Hewett,ScienceBase Item 679ba27ed34ea8c1837736c7,Public Domain (CC0 1.0),29.08,0,"Lat: Latitude, Lon: Longitude",PASSED,VALID,"Sentinel-2 (via spatial coordinates), GSI geology",Ground-truth physical sample verification & mineralogy feature mapping,P1,Clean 743 physical Mn samples with qualitative oxide estimates
DS_009,Metadata XML (Manganese_HewettCollection.xml),Manganese_HewettCollection.xml,data/raw/usgs_hewett/Manganese_HewettCollection.xml,XML,40.43 KB,0,0,,None,None,None,None,N/A,N/A,Unknown,HIGH,Validation / Supplementary,USGS ScienceBase,Unknown,CC0 1.0,0.0,0,None,PASSED,VALID,,,P3,FGDC Geospatial Metadata document for Hewett Collection
DS_010,Selected_References.csv,Selected_References.csv,data/raw/usgs_hewett/Selected_References.csv,CSV,6.13 KB,31,2,,None,None,None,None,N/A,N/A,Unknown,UNKNOWN,Unknown / Requires Investigation,Unknown,Unknown,Unknown,0.0,0,None,PASSED,VALID,,,P3,
DS_011,About.txt,About.txt,data/raw/usgs_mrds/About.txt,TXT,3.67 KB,48,4,,None,None,None,None,N/A,N/A,Unknown,UNKNOWN,Unknown / Requires Investigation,Unknown,Unknown,Unknown,3.65,0,None,PASSED,VALID,,,P3,
DS_012,Accession.txt,Accession.txt,data/raw/usgs_mrds/Accession.txt,TXT,0.11 KB,1,7,,None,None,None,None,N/A,N/A,Unknown,UNKNOWN,Unknown / Requires Investigation,Unknown,Unknown,Unknown,0.0,0,None,PASSED,VALID,,,P3,
DS_013,Commodity.txt,Commodity.txt,data/raw/usgs_mrds/Commodity.txt,TXT,62.09 MB,489082,12,,None,None,None,None,N/A,N/A,Unknown,UNKNOWN,Unknown / Requires Investigation,Unknown,Unknown,Unknown,0.62,0,None,PASSED,VALID,,,P3,
DS_014,Dups.txt,Dups.txt,data/raw/usgs_mrds/Dups.txt,TXT,2.72 MB,84300,5,,None,None,None,None,N/A,N/A,Unknown,UNKNOWN,Unknown / Requires Investigation,Unknown,Unknown,Unknown,40.0,0,None,PASSED,VALID,,,P3,
DS_015,USGS Mineral Resources Data System (MRDS),MRDS.txt,data/raw/usgs_mrds/MRDS.txt,TXT,39.51 MB,304388,8,,Point,EPSG:4326 (WGS84 assumed),4326,"[-178.8205, -72.9972, 179.1318, 80.0010]",N/A,N/A,India + global,LOW,Validation / Supplementary,USGS MRData,https://mrdata.usgs.gov/mrds/rdbms-tab.zip,Public Domain,0.0,0,"Lat: latitude, Lon: longitude",PASSED,VALID,"Sentinel-2 L2A (spatial), SRTM DEM (spatial), GSI geology",Known deposit location points for prospectivity model training & spatial validation,P2,Extracted dataset with 304388 mineral records
DS_016,Materials.txt,Materials.txt,data/raw/usgs_mrds/Materials.txt,TXT,21.07 MB,261177,9,,None,None,None,None,N/A,N/A,Unknown,UNKNOWN,Unknown / Requires Investigation,Unknown,Unknown,Unknown,20.63,0,None,PASSED,VALID,,,P3,
DS_017,Names.txt,Names.txt,data/raw/usgs_mrds/Names.txt,TXT,39.37 MB,430801,9,,None,None,None,None,N/A,N/A,Unknown,UNKNOWN,Unknown / Requires Investigation,Unknown,Unknown,Unknown,0.7,0,None,PASSED,VALID,,,P3,
DS_018,Place.txt,Place.txt,data/raw/usgs_mrds/Place.txt,TXT,9.90 MB,304632,4,,None,None,None,None,N/A,N/A,Unknown,UNKNOWN,Unknown / Requires Investigation,Unknown,Unknown,Unknown,6.49,0,None,PASSED,VALID,,,P3,
DS_019,Raw Data Archive (mrds-tab.zip),mrds-tab.zip,data/raw/usgs_mrds/mrds-tab.zip,ZIP,24.97 MB,10,0,,None,None,None,None,N/A,N/A,Unknown,HIGH,Validation / Supplementary,USGS,Unknown,Public Domain,0.0,0,None,PASSED,VALID,,,P2,Compressed ZIP archive containing 10 files safely extracted to raw_extracted/
DS_020,mrds.met,mrds.met,data/raw/usgs_mrds/mrds.met,MET,138.71 KB,0,0,,None,None,None,None,N/A,N/A,Unknown,UNKNOWN,Unknown / Requires Investigation,Unknown,Unknown,Unknown,0.0,0,None,PASSED,VALID,,,P3,
DS_021,schema.ini,schema.ini,data/raw/usgs_mrds/schema.ini,INI,0.89 KB,0,0,,None,None,None,None,N/A,N/A,Unknown,UNKNOWN,Unknown / Requires Investigation,Unknown,Unknown,Unknown,0.0,0,None,PASSED,VALID,,,P3,
DS_022,USGS Mineral Commodity Summary Report (mcs2023-manganese.pdf),mcs2023-manganese.pdf,data/raw/usgs_stats/mcs2023-manganese.pdf,PDF,200.88 KB,2,0,,None,None,None,None,N/A,N/A,India + global,HIGH,Supply / Demand / Trade,USGS National Minerals Information Center,USGS Pubs (mcs2023-manganese.pdf),Public Domain,0.0,0,None,PASSED,VALID,USGS World Manganese Summary CSV,"Textual & tabular reference for global supply chain, tariff, and production trends",P1,Official PDF document containing 2 pages with extractable text & tables
DS_023,USGS Mineral Commodity Summary Report (mcs2024-manganese.pdf),mcs2024-manganese.pdf,data/raw/usgs_stats/mcs2024-manganese.pdf,PDF,737.90 KB,2,0,,None,None,None,None,N/A,N/A,India + global,HIGH,Supply / Demand / Trade,USGS National Minerals Information Center,USGS Pubs (mcs2024-manganese.pdf),Public Domain,0.0,0,None,PASSED,VALID,USGS World Manganese Summary CSV,"Textual & tabular reference for global supply chain, tariff, and production trends",P1,Official PDF document containing 2 pages with extractable text & tables
DS_024,About.txt,About.txt,data/raw_extracted/usgs_mrds/About.txt,TXT,3.67 KB,48,4,,None,None,None,None,N/A,N/A,Unknown,UNKNOWN,Unknown / Requires Investigation,Unknown,Unknown,Unknown,3.65,0,None,PASSED,VALID,,,P3,
DS_025,Accession.txt,Accession.txt,data/raw_extracted/usgs_mrds/Accession.txt,TXT,0.11 KB,1,7,,None,None,None,None,N/A,N/A,Unknown,UNKNOWN,Unknown / Requires Investigation,Unknown,Unknown,Unknown,0.0,0,None,PASSED,VALID,,,P3,
DS_026,Commodity.txt,Commodity.txt,data/raw_extracted/usgs_mrds/Commodity.txt,TXT,62.09 MB,489082,12,,None,None,None,None,N/A,N/A,Unknown,UNKNOWN,Unknown / Requires Investigation,Unknown,Unknown,Unknown,0.62,0,None,PASSED,VALID,,,P3,
DS_027,Dups.txt,Dups.txt,data/raw_extracted/usgs_mrds/Dups.txt,TXT,2.72 MB,84300,5,,None,None,None,None,N/A,N/A,Unknown,UNKNOWN,Unknown / Requires Investigation,Unknown,Unknown,Unknown,40.0,0,None,PASSED,VALID,,,P3,
DS_028,USGS Mineral Resources Data System (MRDS),MRDS.txt,data/raw_extracted/usgs_mrds/MRDS.txt,TXT,39.51 MB,304388,8,,Point,EPSG:4326 (WGS84 assumed),4326,"[-178.8205, -72.9972, 179.1318, 80.0010]",N/A,N/A,India + global,LOW,Validation / Supplementary,USGS MRData,https://mrdata.usgs.gov/mrds/rdbms-tab.zip,Public Domain,0.0,0,"Lat: latitude, Lon: longitude",PASSED,VALID,"Sentinel-2 L2A (spatial), SRTM DEM (spatial), GSI geology",Known deposit location points for prospectivity model training & spatial validation,P2,Extracted dataset with 304388 mineral records
DS_029,Materials.txt,Materials.txt,data/raw_extracted/usgs_mrds/Materials.txt,TXT,21.07 MB,261177,9,,None,None,None,None,N/A,N/A,Unknown,UNKNOWN,Unknown / Requires Investigation,Unknown,Unknown,Unknown,20.63,0,None,PASSED,VALID,,,P3,
DS_030,Names.txt,Names.txt,data/raw_extracted/usgs_mrds/Names.txt,TXT,39.37 MB,430801,9,,None,None,None,None,N/A,N/A,Unknown,UNKNOWN,Unknown / Requires Investigation,Unknown,Unknown,Unknown,0.7,0,None,PASSED,VALID,,,P3,
DS_031,Place.txt,Place.txt,data/raw_extracted/usgs_mrds/Place.txt,TXT,9.90 MB,304632,4,,None,None,None,None,N/A,N/A,Unknown,UNKNOWN,Unknown / Requires Investigation,Unknown,Unknown,Unknown,6.49,0,None,PASSED,VALID,,,P3,
DS_032,mrds.met,mrds.met,data/raw_extracted/usgs_mrds/mrds.met,MET,138.71 KB,0,0,,None,None,None,None,N/A,N/A,Unknown,UNKNOWN,Unknown / Requires Investigation,Unknown,Unknown,Unknown,0.0,0,None,PASSED,VALID,,,P3,
DS_033,schema.ini,schema.ini,data/raw_extracted/usgs_mrds/schema.ini,INI,0.89 KB,0,0,,None,None,None,None,N/A,N/A,Unknown,UNKNOWN,Unknown / Requires Investigation,Unknown,Unknown,Unknown,0.0,0,None,PASSED,VALID,,,P3,
